# Converted from SummonRitualCylinder02.asset
o SummonRitualCylinder02
v -3.77476382 46.7231636 0.750843942
v -3.73753595 48.8469429 0.74343884
v -3.52068233 48.8469429 1.45831084
v -3.55575013 46.7231636 1.47283638
v -3.8117094 44.5993843 0.758192956
v -3.16853142 48.8469429 2.11714053
v -3.59055257 44.5993843 1.487252
v -3.85027575 42.4756012 0.765864253
v -3.20009136 46.7231636 2.13822865
v -2.69461489 48.8469429 2.69460988
v -3.62688112 42.4756012 1.50229979
v -3.89242029 40.3518219 0.774247289
v -3.23141289 44.5993843 2.1591568
v -2.72145462 46.7231636 2.72144985
v -2.11714602 48.8469429 3.16852689
v -3.66658044 40.3518219 1.51874375
v -3.94012284 38.2280426 0.783735931
v -3.2641077 42.4756012 2.18100262
v -2.74809146 44.5993843 2.74808645
v -2.13823414 46.7231636 3.20008683
v -1.45831656 48.8469429 3.520679
v -3.71151519 38.2280426 1.53735638
v -3.99534655 36.1042633 0.79472059
v -3.29983616 40.3518219 2.20487571
v -2.77589583 42.4756012 2.77589107
v -2.15916228 44.5993843 3.23140836
v -1.47284222 46.7231636 3.55574703
v -0.74344486 48.8469429 3.73753357
v -3.76353478 36.1042633 1.55890357
v -4.05999994 33.980484 0.807580948
v -3.34027648 38.2280426 2.23189712
v -2.80628037 40.3518219 2.80627561
v -2.18100834 42.4756012 3.26410294
v -1.48725784 44.5993843 3.59054923
v -0.750849962 46.7231636 3.7747612
v -2.87995863e-06 48.8469429 3.81075716
v -3.82443666 33.980484 1.58413005
v -4.13589907 31.8567009 0.822678268
v -3.38709283 36.1042633 2.26317859
v -2.84067225 38.2280426 2.84066725
v -2.20488119 40.3518219 3.29983139
v -1.50230563 42.4756012 3.62687755
v -0.758198977 44.5993843 3.81170726
v -2.88432693e-06 46.7231636 3.84871411
v 0.743439138 48.8469429 3.73753428
v 0.75084424 46.7231636 3.77476239
v 1.45831132 48.8469429 3.52068114
v -2.88866181e-06 44.5993843 3.88638377
v -0.765870273 42.4756012 3.85027337
v -1.51874971 40.3518219 3.6665771
v -2.2319026 38.2280426 3.34027195
v 1.47283685 46.7231636 3.55574894
v 2.11714149 48.8469429 3.16852927
v 0.758193254 44.5993843 3.81170821
v -2.89318723e-06 42.4756012 3.92570543
v -0.774253309 40.3518219 3.89241815
v 2.13822937 46.7231636 3.20008969
v 2.69461107 48.8469429 2.69461298
v 1.48725247 44.5993843 3.59055114
v 0.765864551 42.4756012 3.85027456
v 2.72145081 46.7231636 2.72145247
v 3.16852784 48.8469429 2.11714411
v 2.15915751 44.5993843 3.23141074
v 3.20008802 46.7231636 2.13823199
v 3.52068043 48.8469429 1.4583143
v -1.53736234 38.2280426 3.71151209
v -2.89813238e-06 40.3518219 3.96867585
v 1.50230026 42.4756012 3.62687969
v 2.74808741 44.5993843 2.74808931
v 3.55574822 46.7231636 1.47283995
v 3.73753476 48.8469429 0.743442297
v -0.783741951 38.2280426 3.9401207
v 0.774247646 40.3518219 3.8924191
v 2.18100357 42.4756012 3.2641058
v 3.23140931 44.5993843 2.15916038
v 3.77476287 46.7231636 0.750847399
v 3.81075788 48.8469429 7.28496019e-08
v -2.90372986e-06 38.2280426 4.017313
v 1.51874411 40.3518219 3.66657901
v 2.77589202 42.4756012 2.77589369
v 3.59055042 44.5993843 1.48725557
v 3.84871507 46.7231636 9.78928938e-08
v 3.73753595 48.8469429 -0.743442357
v 0.783736229 38.2280426 3.94012165
v 2.20487642 40.3518219 3.29983425
v 3.26410389 42.4756012 2.18100619
v 3.81170869 44.5993843 0.758196414
v 3.77476382 46.7231636 -0.750847399
v 3.52068233 48.8469429 -1.45831478
v 1.53735685 38.2280426 3.711514
v 2.80627656 40.3518219 2.80627871
v 3.62687898 42.4756012 1.50230324
v 3.88638473 44.5993843 1.22746599e-07
v 3.55575013 46.7231636 -1.47284043
v 3.16852999 48.8469429 -2.11714482
v 2.23189783 38.2280426 3.34027457
v 3.29983234 40.3518219 2.20487928
v 3.8502748 42.4756012 0.76586777
v 3.8117094 44.5993843 -0.758196414
v 3.20009017 46.7231636 -2.13823271
v 2.6946137 48.8469429 -2.69461417
v 2.8406682 38.2280426 2.84067011
v 3.66657829 40.3518219 1.51874733
v 3.92570639 42.4756012 1.48690191e-07
v 3.59055233 44.5993843 -1.48725593
v 2.72145319 46.7231636 -2.72145414
v 2.11714435 48.8469429 -3.16853166
v 3.34027267 38.2280426 2.23190069
v 3.89241934 40.3518219 0.774250865
v 3.85027575 42.4756012 -0.765867591
v 3.23141146 44.5993843 -2.15916085
v 2.13823223 46.7231636 -3.20009184
v 1.45831418 48.8469429 -3.52068424
v 3.71151328 38.2280426 1.53736007
v 3.96867657 40.3518219 1.77041031e-07
v 3.62688112 42.4756012 -1.5023036
v 2.74808979 44.5993843 -2.74809051
v 1.47283983 46.7231636 -3.55575228
v 0.743441999 48.8469429 -3.73753858
v 3.94012189 38.2280426 0.783739507
v 3.89242029 40.3518219 -0.774250686
v 3.26410627 42.4756012 -2.18100691
v 2.15916038 44.5993843 -3.23141313
v 0.750847101 46.7231636 -3.77476645
v -5.51782932e-07 48.8469429 -3.81076193
v 4.01731396 38.2280426 2.09130832e-07
v 3.66658044 40.3518219 -1.51874769
v 2.7758944 42.4756012 -2.77589536
v 1.48725533 44.5993843 -3.59055448
v -5.3296128e-07 46.7231636 -3.84871912
v -0.743443131 48.8469429 -3.73753905
v 3.94012332 38.2280426 -0.783739328
v 3.29983473 40.3518219 -2.20487976
v 2.18100643 42.4756012 -3.26410794
v 0.758196115 44.5993843 -3.8117125
v -0.750848234 46.7231636 -3.77476668
v -1.45831573 48.8469429 -3.52068543
v 3.71151543 38.2280426 -1.53736031
v 2.80627918 40.3518219 -2.8062799
v 1.50230312 42.4756012 -3.62688279
v -5.14282135e-07 44.5993843 -3.88638878
v -1.47284126 46.7231636 -3.55575299
v -2.11714602 48.8469429 -3.16853356
v 3.34027529 38.2280426 -2.23190117
v 2.20487952 40.3518219 -3.2998364
v 0.765867352 42.4756012 -3.85027862
v -0.758197129 44.5993843 -3.81171298
v -2.1382339 46.7231636 -3.20009398
v -2.69461608 48.8469429 -2.69461656
v 2.84067106 38.2280426 -2.8406713
v 1.51874721 40.3518219 -3.66658235
v -4.94783876e-07 42.4756012 -3.92571044
v -1.48725688 44.5993843 -3.59055543
v -2.72145557 46.7231636 -2.72145629
v -3.16853333 48.8469429 -2.11714697
v 2.23190093 38.2280426 -3.34027672
v 0.774250448 40.3518219 -3.89242339
v -0.765868425 42.4756012 -3.85027909
v -2.15916204 44.5993843 -3.23141503
v -3.20009351 46.7231636 -2.13823485
v -3.52068567 48.8469429 -1.45831633
v 1.53735983 38.2280426 -3.71151733
v -4.73476433e-07 40.3518219 -3.96868062
v -1.50230467 42.4756012 -3.62688375
v -2.74809217 44.5993843 -2.74809289
v -3.55575347 46.7231636 -1.47284186
v -3.73753953 48.8469429 -0.743443906
v 0.78373915 38.2280426 -3.94012594
v -0.774251521 40.3518219 -3.89242363
v -2.18100786 42.4756012 -3.26411009
v -3.23141479 44.5993843 -2.159163
v -3.77476764 46.7231636 -0.750849009
v -3.81076288 48.8469429 -1.17641548e-06
v -4.49358907e-07 38.2280426 -4.01731825
v -1.51874864 40.3518219 -3.66658306
v -2.77589679 42.4756012 -2.7758975
v -3.59055567 44.5993843 -1.48725748
v -3.84872007 46.7231636 -1.16381545e-06
v -3.73753595 48.8469429 0.74343884
v -3.77476382 46.7231636 0.750843942
v -3.81171346 44.5993843 -0.758198023
v -3.88638973 44.5993843 -1.15131093e-06
v -3.8117094 44.5993843 0.758192956
v -3.26410937 42.4756012 -2.18100905
v -2.20488119 40.3518219 -3.29983854
v -3.62688398 42.4756012 -1.50230527
v -3.85027981 42.4756012 -0.76586926
v -3.92571139 42.4756012 -1.13825797e-06
v -3.85027575 42.4756012 0.765864253
v -2.80628133 40.3518219 -2.80628204
v -3.29983807 40.3518219 -2.20488191
v -3.66658354 40.3518219 -1.51874936
v -3.89242435 40.3518219 -0.774252295
v -3.96868157 40.3518219 -1.1239938e-06
v -3.89242029 40.3518219 0.774247289
v -4.01731873 38.2280426 -1.10784868e-06
v -3.94012284 38.2280426 0.783735931
v -3.9401269 38.2280426 -0.783740997
v -3.71151853 38.2280426 -1.53736198
v -3.34027863 38.2280426 -2.23190331
v -2.84067321 38.2280426 -2.84067369
v -4.07362461 36.1042633 -1.08915788e-06
v -3.99534655 36.1042633 0.79472059
v -3.9953506 36.1042633 -0.794725657
v -3.76353812 36.1042633 -1.55890906
v -3.38709474 36.1042633 -2.26318502
v -4.13954449 33.980484 -1.06727555e-06
v -4.05999994 33.980484 0.807580948
v -4.06000376 33.980484 -0.807585955
v -3.82444024 33.980484 -1.58413553
v -4.21693087 31.8567009 -1.04158687e-06
v -4.13589907 31.8567009 0.822678268
v -4.13590336 31.8567009 -0.822683334
v -4.30750418 29.7329216 -1.01152091e-06
v -4.2247324 29.7329216 0.840348184
v -2.88048697 36.1042633 -2.88048792
v -3.44190502 33.980484 -2.29980826
v -3.89593577 31.8567009 -1.6137501
v -4.22473669 29.7329216 -0.840353251
v -4.41281605 27.6091423 -9.76562546e-07
v -4.3280201 27.6091423 0.860893488
v -2.92709947 33.980484 -2.92710018
v -3.5062499 31.8567009 -2.34280181
v -3.97961473 29.7329216 -1.64841104
v -4.32802439 27.6091423 -0.860898495
v -4.53421497 25.4853611 -9.36263802e-07
v -4.44708633 25.4853611 0.884577155
v -2.98182011 31.8567009 -2.98182082
v -3.5815587 29.7329216 -2.39312172
v -4.07691002 27.6091423 -1.688712
v -4.4470911 25.4853611 -0.884582281
v -4.67281532 23.3615818 -8.90255137e-07
v -4.58302307 23.3615818 0.911616743
v -3.04586506 29.7329216 -3.04586577
v -3.66912222 27.6091423 -2.45162964
v -4.18906832 25.4853611 -1.73516929
v -4.58302784 23.3615818 -0.911621749
v -4.82946825 21.2378006 -8.38253754e-07
v -4.7366662 21.2378006 0.94217819
v -3.12033176 27.6091423 -3.12033224
v -3.77006149 25.4853611 -2.51907539
v -4.31711817 23.3615818 -1.78820932
v -4.73667097 21.2378006 -0.942183197
v -5.00473785 19.1140213 -7.80072469e-07
v -4.90856791 19.1140213 0.976371586
v -3.20617366 25.4853611 -3.20617414
v -3.8853035 23.3615818 -2.59607744
v -4.46184635 21.2378006 -1.84815776
v -4.90857315 19.1140213 -0.976376653
v -5.1988821 16.990242 -7.15625845e-07
v -5.09898186 16.990242 1.01424718
v -3.30417871 23.3615818 -3.30417967
v -4.01555586 21.2378006 -2.68310928
v -4.62377501 19.1140213 -1.91523063
v -5.0989871 16.990242 -1.01425231
v -5.41183758 14.8664608 -6.44934858e-07
v -5.30784512 14.8664608 1.05579269
v -3.41494918 21.2378006 -3.41494989
v -4.16128731 19.1140213 -2.78048396
v -4.80314064 16.990242 -1.98952651
v -5.30785036 14.8664608 -1.05579782
v -5.64320898 12.7426805 -5.68130645e-07
v -5.53477049 12.7426805 1.10093081
v -3.53888369 19.1140213 -3.5388844
v -4.32271242 16.990242 -2.888345
v -4.99988556 14.8664608 -2.07102084
v -5.53477573 12.7426805 -1.10093594
v -5.89226723 10.6189003 -4.85455189e-07
v -5.77904224 10.6189003 1.14951968
v -3.67616439 16.990242 -3.67616534
v -4.49977827 14.8664608 -3.00665641
v -5.21364498 12.7426805 -2.15956283
v -5.77904844 10.6189003 -1.14952469
v -6.1579504 8.495121 -3.97261033e-07
v -6.0396204 8.495121 1.20135176
v -3.82674646 14.8664608 -3.82674742
v -4.69215679 12.7426805 -3.13519931
v -5.44374418 10.6189003 -2.25487304
v -6.03962612 8.495121 -1.20135689
v -6.43887329 6.37134027 -3.04008012e-07
v -6.31514502 6.37134027 1.25615704
v -3.99035048 12.7426805 -3.99035144
v -4.89924049 10.6189003 -3.27356863
v -5.68920374 8.495121 -2.35654569
v -6.31515169 6.37134027 -1.25616217
v -6.95516539 4.2475605 -1.38563436e-07
v -6.82151604 4.2475605 1.35688043
v -4.16646099 10.6189003 -4.16646194
v -5.12014818 8.495121 -3.42117429
v -5.94874239 6.37134027 -2.46405005
v -6.82152271 4.2475605 -1.35688555
v -7.5911994 2.99760222 6.03277712e-08
v -7.44532824 2.99760222 1.4809643
v -4.35432768 8.495121 -4.35432863
v -5.35372686 6.37134027 -3.57724667
v -6.42573452 4.2475605 -2.66162634
v -7.44533539 2.99760222 -1.48096967
v -8.2747488 2.12378025 2.72335768e-07
v -8.11574173 2.12378025 1.61431789
v -4.55296993 6.37134027 -4.55297089
v -5.78300762 4.2475605 -3.86408257
v -7.01335335 2.99760222 -2.9050262
v -8.11575127 2.12378025 -1.61432326
v -9.43413258 1.08013344 6.32426804e-07
v -9.25284767 1.08013344 1.84050226
v -10.8200464 0 2.15223694
v -11.0320358 0 1.12223688e-06
v -10.8200588 0 -2.15224266
v -9.25285721 1.08013344 -1.84050763
v -10.1922722 0 -4.22177649
v -8.71600056 1.08013344 -3.61028576
v -9.17280102 0 -6.12907076
v -7.6448698 2.12378025 -3.16660881
v -7.84419298 1.08013344 -5.24132299
v -7.8008256 0 -7.80082703
v -6.88020086 2.12378025 -4.59720421
v -6.67093801 1.08013344 -6.67093849
v -6.12906742 0 -9.17280197
v -6.31185007 2.99760222 -4.21744442
v -5.85112953 2.12378025 -5.85113096
v -5.24132061 1.08013344 -7.84419346
v -4.2217741 0 -10.1922712
v -5.36778688 2.99760222 -5.36778784
v -4.59720135 2.12378025 -6.88020182
v -3.61028385 1.08013344 -8.7159996
v -2.15224051 0 -10.820056
v -4.91804361 4.2475605 -4.91804409
v -4.21744251 2.99760222 -6.31185102
v -3.16660738 2.12378025 -7.6448698
v -1.84050536 1.08013344 -9.2528553
v 3.07080813e-06 0 -11.0320339
v -3.86408138 4.2475605 -5.78300762
v -2.90502405 2.99760222 -7.01335239
v -1.61432123 2.12378025 -8.11574936
v 2.23675352e-06 1.08013344 -9.43412971
v 2.15224624 0 -10.820055
v -3.577245 6.37134027 -5.35372734
v -2.66162491 4.2475605 -6.42573357
v -1.48096788 2.99760222 -7.44533348
v 1.67579913e-06 2.12378025 -8.27474594
v 1.84050965 1.08013344 -9.25285339
v 4.22177935 0 -10.1922674
v -3.42117262 8.495121 -5.12014866
v -2.4640491 6.37134027 -5.94874239
v -1.35688412 4.2475605 -6.82152224
v 1.33052436e-06 2.99760222 -7.59119654
v 1.61432457 2.12378025 -8.11574841
v 3.61028767 1.08013344 -8.71599865
v 6.12907219 0 -9.1727972
v -3.2735672 10.6189003 -4.89924145
v -2.35654449 8.495121 -5.68920326
v -1.25616086 6.37134027 -6.31515074
v 1.00993896e-06 4.2475605 -6.955163
v 1.48097026 2.99760222 -7.445333
v 3.16660953 2.12378025 -7.64486694
v 5.24132395 1.08013344 -7.8441906
v 7.8008275 0 -7.8008213
v 6.67093849 1.08013344 -6.67093325
v 9.17280197 0 -6.12906504
v 4.59720373 2.12378025 -6.880198
v 2.9050262 2.99760222 -7.01334953
v 1.35688591 4.2475605 -6.82152128
v 7.51405537e-07 6.37134027 -6.43887186
v 7.84419298 1.08013344 -5.24131823
v 10.1922712 0 -4.22177124
v 5.85112953 2.12378025 -5.85112667
v 4.21744394 2.99760222 -6.31184721
v 2.66162658 4.2475605 -6.42573166
v 8.71600056 1.08013344 -3.61028123
v 10.820056 0 -2.15223813
v 6.88019991 2.12378025 -4.59719944
v 5.36778688 2.99760222 -5.3677845
v 9.2528553 1.08013344 -1.84050369
v 11.0320311 0 4.73882073e-06
v 7.6448679 2.12378025 -3.16660476
v 9.4341259 1.08013344 3.72517593e-06
v 10.8200521 0 2.15224719
v 1.25616229 6.37134027 -6.31514978
v 3.86408186 4.2475605 -5.78300476
v 6.31185007 2.99760222 -4.21744061
v 8.11574841 2.12378025 -1.61431992
v 9.25285244 1.08013344 1.84051037
v 10.1922655 0 4.22177935
v 2.46404982 6.37134027 -5.94874048
v 4.91804361 4.2475605 -4.91804028
v 7.01335049 2.99760222 -2.90502262
v 8.27474308 2.12378025 2.98500959e-06
v 8.71599483 1.08013344 3.61028767
v 9.17279625 0 6.12907219
v 3.57724547 6.37134027 -5.35372448
v 5.78300667 4.2475605 -3.86407924
v 7.44533253 2.99760222 -1.48096633
v 8.11574554 2.12378025 1.61432517
v 7.84418678 1.08013344 5.24132299
v 7.80082083 0 7.80082607
v 4.55296946 6.37134027 -4.55296755
v 6.42573214 4.2475605 -2.66162324
v 7.59119368 2.99760222 2.54891665e-06
v 7.64486456 2.12378025 3.16661
v 6.67093229 1.08013344 6.67093801
v 6.12906408 0 9.17279911
v 5.35372496 6.37134027 -3.57724333
v 6.82151985 4.2475605 -1.35688257
v 7.44533062 2.99760222 1.48097098
v 6.88019514 2.12378025 4.59720373
v 5.2413168 1.08013344 7.84419107
v 4.22177124 0 10.1922674
v 5.94874048 6.37134027 -2.46404743
v 6.95516014 4.2475605 2.14151737e-06
v 7.01334715 2.99760222 2.90502644
v 5.85112476 2.12378025 5.85112906
v 3.61028004 1.08013344 8.71599579
v 2.15223837 0 10.8200512
v 6.31514835 6.37134027 -1.25615954
v 6.82151794 4.2475605 1.35688663
v 6.31184483 2.99760222 4.21744394
v 4.59719753 2.12378025 6.88019896
v 1.84050286 1.08013344 9.25285053
v -3.66918857e-06 0 11.0320282
v 6.43886805 6.37134027 1.80681911e-06
v 6.4257288 4.2475605 2.66162658
v 5.36778116 2.99760222 5.36778593
v 3.16660309 2.12378025 7.64486551
v -3.52700749e-06 1.08013344 9.4341259
v -2.15224528 0 10.8200483
v 6.31514692 6.37134027 1.25616276
v 5.78300238 4.2475605 3.86408186
v 4.21743774 2.99760222 6.31184721
v 1.61431849 2.12378025 8.11574459
v -1.84050977 1.08013344 9.25284863
v -4.22177744 0 10.1922626
v 5.94873762 6.37134027 2.46405005
v 4.91803837 4.2475605 4.91804218
v 2.90502048 2.99760222 7.0133481
v -3.37963888e-06 2.12378025 8.27474117
v -3.61028647 1.08013344 8.71599102
v -6.12906885 0 9.17279148
v 5.35372114 6.37134027 3.577245
v 3.86407685 4.2475605 5.78300476
v 1.4809649 2.99760222 7.44532919
v -1.61432517 2.12378025 8.11574364
v -5.24132204 1.08013344 7.8441844
v -7.80082178 0 7.80081749
v 4.55296516 6.37134027 4.5529685
v 2.66162109 4.2475605 6.42572975
v -3.30730063e-06 2.99760222 7.59119225
v -3.16660953 2.12378025 7.6448617
v -6.67093468 1.08013344 6.67093086
v -9.17279625 0 6.12906122
v 3.57724094 6.37134027 5.35372353
v 1.3568809 4.2475605 6.82151699
v -1.48097146 2.99760222 7.44532871
v -4.59720278 2.12378025 6.88019228
v -7.84418821 1.08013344 5.24131536
v -10.1922626 0 4.22176981
v 2.46404481 6.37134027 5.9487381
v -3.23930249e-06 4.2475605 6.95515776
v -2.90502644 2.99760222 7.01334524
v -5.85112667 2.12378025 5.85112238
v -8.71599293 1.08013344 3.61027908
v -10.8200464 0 2.15223694
v -9.25284767 1.08013344 1.84050226
v -6.88019657 2.12378025 4.5971961
v -7.64486313 2.12378025 3.16660237
v -8.11574173 2.12378025 1.61431789
v -4.21744299 2.99760222 6.31184196
v -1.35688722 4.2475605 6.82151651
v -5.36778498 2.99760222 5.36778021
v -7.0133462 2.99760222 2.90501952
v -7.44532824 2.99760222 1.4809643
v -6.31184626 2.99760222 4.21743631
v -2.66162682 4.2475605 6.42572689
v -6.42572784 4.2475605 2.66162038
v -6.82151604 4.2475605 1.35688043
v -3.86408162 4.2475605 5.78299952
v -5.78300381 4.2475605 3.86407542
v -4.91804075 4.2475605 4.91803646
v -5.94873762 6.37134027 2.46404409
v -6.31514502 6.37134027 1.25615704
v -5.35372353 6.37134027 3.57723927
v -4.5529685 6.37134027 4.55296326
v -3.57724547 6.37134027 5.35371923
v -2.46405077 6.37134027 5.94873524
v -5.68919849 8.495121 2.35653973
v -6.0396204 8.495121 1.20135176
v -5.12014532 8.495121 3.4211669
v -4.35432625 8.495121 4.354321
v -3.4211731 8.495121 5.12014103
v -5.44373941 10.6189003 2.25486732
v -5.77904224 10.6189003 1.14951968
v -4.89923763 10.6189003 3.27356172
v -4.16645956 10.6189003 4.16645479
v -5.21364021 12.7426805 2.1595571
v -5.53477049 12.7426805 1.10093081
v -4.69215345 12.7426805 3.13519239
v -4.99988127 14.8664608 2.07101512
v -5.30784512 14.8664608 1.05579269
v -2.35654616 8.495121 5.68919659
v -3.27356744 10.6189003 4.89923334
v -3.99034905 12.7426805 3.99034405
v -4.49977541 14.8664608 3.00664949
v -4.80313635 16.990242 1.98952067
v -5.09898186 16.990242 1.01424718
v -2.25487351 10.6189003 5.44373703
v -3.13519835 12.7426805 4.69214916
v -3.82674527 14.8664608 3.82674026
v -4.32271004 16.990242 2.88833785
v -4.62377071 19.1140213 1.91522503
v -4.90856791 19.1140213 0.976371586
v -2.1595633 12.7426805 5.21363735
v -3.00665522 14.8664608 4.49977112
v -3.6761632 16.990242 3.67615843
v -4.16128492 19.1140213 2.78047729
v -4.46184254 21.2378006 1.84815216
v -4.7366662 21.2378006 0.94217819
v -2.07102132 14.8664608 4.99987888
v -2.88834381 16.990242 4.32270575
v -3.53888226 19.1140213 3.53887749
v -4.01555347 21.2378006 2.68310261
v -4.31711435 23.3615818 1.78820372
v -4.58302307 23.3615818 0.911616743
v -1.98952699 16.990242 4.80313396
v -2.78048301 19.1140213 4.16128063
v -3.41494799 21.2378006 3.41494322
v -3.88530111 23.3615818 2.59607077
v -4.18906403 25.4853611 1.73516369
v -4.44708633 25.4853611 0.884577155
v -1.91523111 19.1140213 4.62376785
v -2.68310809 21.2378006 4.01554871
v -3.30417752 23.3615818 3.30417252
v -3.77005935 25.4853611 2.51906896
v -4.0769062 27.6091423 1.68870628
v -4.3280201 27.6091423 0.860893488
v -1.84815824 21.2378006 4.46183968
v -2.59607649 23.3615818 3.88529658
v -3.20617247 25.4853611 3.20616746
v -3.66911983 27.6091423 2.4516232
v -3.97961116 29.7329216 1.64840543
v -4.2247324 29.7329216 0.840348184
v -1.78820968 23.3615818 4.31711102
v -2.51907444 25.4853611 3.77005482
v -3.12033033 27.6091423 3.12032557
v -3.58155656 29.7329216 2.39311528
v -3.89593244 31.8567009 1.61374462
v -3.50624776 31.8567009 2.34279561
v -3.44190311 33.980484 2.29980183
v -3.04586387 29.7329216 3.0458591
v -2.45162892 27.6091423 3.66911554
v -2.98181915 31.8567009 2.98181415
v -2.88048601 36.1042633 2.88048124
v -2.92709851 33.980484 2.92709374
v -2.26318407 36.1042633 3.3870883
v -2.39312077 29.7329216 3.58155203
v -2.34280109 31.8567009 3.50624323
v -2.29980731 33.980484 3.44189882
v -1.55890942 36.1042633 3.76353145
v -1.58413589 33.980484 3.82443357
v -0.79472661 36.1042633 3.9953444
v -1.61375046 31.8567009 3.89592957
v -1.64841139 29.7329216 3.97960806
v -0.807586968 33.980484 4.05999756
v -2.91020956e-06 36.1042633 4.07361889
v -0.822684407 31.8567009 4.13589716
v -1.68871248 27.6091423 4.07690334
v -2.91779565e-06 33.980484 4.13953829
v 0.794720888 36.1042633 3.99534535
v -0.840354264 29.7329216 4.22473001
v -1.73516977 25.4853611 4.18906116
v -2.92670143e-06 31.8567009 4.21692514
v 0.807581246 33.980484 4.05999851
v 1.55890405 36.1042633 3.76353359
v -0.860899627 27.6091423 4.32801819
v -0.884583354 25.4853611 4.44708443
v -2.93712515e-06 29.7329216 4.30749846
v 0.822678566 31.8567009 4.13589811
v 1.58413053 33.980484 3.82443571
v 2.26317954 36.1042633 3.38709092
v -2.94924439e-06 27.6091423 4.41280985
v -0.911622882 23.3615818 4.58302164
v 0.840348542 29.7329216 4.22473097
v 1.61374509 31.8567009 3.89593172
v 2.29980254 33.980484 3.44190145
v 2.8804822 36.1042633 2.88048434
v -2.96321537e-06 25.4853611 4.53420877
v -0.942184448 21.2378006 4.7366643
v 0.860893846 27.6091423 4.32801914
v 1.64840591 29.7329216 3.9796102
v 2.34279633 31.8567009 3.50624585
v 2.9270947 33.980484 2.92709684
v 3.38708925 36.1042633 2.2631824
v 3.76353288 36.1042633 1.55890727
v 3.44189954 33.980484 2.29980564
v 2.9818151 31.8567009 2.98181725
v 2.393116 29.7329216 3.58155489
v 1.68870687 27.6091423 4.07690525
v 3.99534559 36.1042633 0.794724166
v 3.824435 33.980484 1.58413374
v 3.50624418 31.8567009 2.34279943
v 3.04586029 29.7329216 3.04586244
v 4.07361937 36.1042633 2.46279967e-07
v 4.05999899 33.980484 0.807584584
v 3.89593077 31.8567009 1.61374843
v 3.99534655 36.1042633 -0.794723928
v 4.13953924 33.980484 2.89772487e-07
v 3.76353478 36.1042633 -1.55890739
v 2.45162416 27.6091423 3.66911817
v 3.58155298 29.7329216 2.3931191
v 4.13589859 31.8567009 0.822682023
v 4.05999994 33.980484 -0.807584226
v 3.38709164 36.1042633 -2.26318288
v 3.12032676 27.6091423 3.1203289
v 3.97960949 29.7329216 1.64840937
v 4.2169261 31.8567009 3.40830468e-07
v 3.8244369 33.980484 -1.58413386
v 2.88048482 36.1042633 -2.88048553
v 3.6691165 27.6091423 2.45162725
v 4.22473145 29.7329216 0.840351999
v 4.13589954 31.8567009 -0.822681546
v 3.44190216 33.980484 -2.29980612
v 2.26318264 36.1042633 -3.38709307
v 4.07690477 27.6091423 1.68871045
v 4.30749941 29.7329216 4.00588704e-07
v 3.89593291 31.8567009 -1.61374843
v 2.92709732 33.980484 -2.9270978
v 1.55890715 36.1042633 -3.76353669
v 4.32801962 27.6091423 0.860897362
v 4.2247324 29.7329216 -0.840351462
v 3.50624657 31.8567009 -2.34279966
v 2.29980564 33.980484 -3.44190359
v 0.794723868 36.1042633 -3.99534965
v 4.41281128 27.6091423 4.70071029e-07
v 3.97961164 29.7329216 -1.64840925
v 2.98181796 31.8567009 -2.98181844
v 1.58413363 33.980484 -3.82443881
v 4.32802105 27.6091423 -0.860896647
v 3.5815556 29.7329216 -2.39311934
v 2.34279943 31.8567009 -3.506248
v 4.07690716 27.6091423 -1.68871009
v 3.04586291 29.7329216 -3.04586339
v 3.66911912 27.6091423 -2.45162725
v 0.807584226 33.980484 -4.0600028
v 1.61374831 31.8567009 -3.89593458
v 2.39311934 29.7329216 -3.58155704
v 3.12032962 27.6091423 -3.12032986
v -4.21438955e-07 36.1042633 -4.07362366
v -0.783740163 38.2280426 -3.94012618
v -1.53736126 38.2280426 -3.71151805
v -0.794724762 36.1042633 -3.99534988
v -3.88751545e-07 33.980484 -4.13954353
v 0.822681665 31.8567009 -4.1359024
v 1.64840913 29.7329216 -3.9796133
v -2.23190236 38.2280426 -3.34027886
v -1.55890846 36.1042633 -3.76353788
v -2.26318407 36.1042633 -3.38709497
v -0.80758512 33.980484 -4.06000328
v -3.5037823e-07 31.8567009 -4.21692991
v -1.58413494 33.980484 -3.82444
v -2.29980731 33.980484 -3.4419055
v -0.822682381 31.8567009 -4.13590288
v 0.840351701 29.7329216 -4.22473526
v -1.6137495 31.8567009 -3.89593554
v -2.34280086 31.8567009 -3.50625014
v -3.05466131e-07 29.7329216 -4.30750322
v -0.840352356 29.7329216 -4.22473574
v -1.64841032 29.7329216 -3.9796145
v -2.39312077 29.7329216 -3.58155918
v -2.45162868 27.6091423 -3.66912246
v -1.68871117 27.6091423 -4.07690954
v -0.860897601 27.6091423 -4.32802391
v -2.5324573e-07 27.6091423 -4.41281462
v 0.860897064 27.6091423 -4.32802343
v -2.5190742 25.4853611 -3.77006221
v -1.73516858 25.4853611 -4.18906736
v -0.884581268 25.4853611 -4.44709015
v -1.93048194e-07 25.4853611 -4.53421354
v -2.59607625 23.3615818 -3.88530397
v -1.7882086 23.3615818 -4.31711769
v -0.911620796 23.3615818 -4.58302736
v -2.68310809 21.2378006 -4.01555634
v -1.84815705 21.2378006 -4.46184635
v -2.78048277 19.1140213 -4.16128778
v 0.884580851 25.4853611 -4.44708967
v -1.24321176e-07 23.3615818 -4.67281389
v -0.942182243 21.2378006 -4.73667002
v -1.91522992 19.1140213 -4.62377453
v -2.88834333 16.990242 -4.3227129
v 0.911620438 23.3615818 -4.58302641
v -4.66423664e-08 21.2378006 -4.82946682
v -0.976375639 19.1140213 -4.9085722
v -1.98952556 16.990242 -4.80314064
v -3.00665498 14.8664608 -4.49977875
v 0.942182064 21.2378006 -4.73667002
v 4.02678708e-08 19.1140213 -5.0047369
v -1.01425123 16.990242 -5.09898615
v -2.07101989 14.8664608 -4.99988556
v -3.13519788 12.7426805 -4.69215679
v -2.15956187 12.7426805 -5.2136445
v -2.25487208 10.6189003 -5.44374418
v -1.05579662 14.8664608 -5.30784941
v 1.36537338e-07 16.990242 -5.19888115
v -1.10093486 12.7426805 -5.53477526
v -1.2013557 8.495121 -6.03962564
v -1.1495235 10.6189003 -5.77904701
v 6.12105623e-07 8.495121 -6.15794897
v 2.42134433e-07 14.8664608 -5.41183662
v 4.80362587e-07 10.6189003 -5.89226532
v 1.20135677 8.495121 -6.03962517
v 3.56863382e-07 12.7426805 -5.64320803
v 2.35654497 8.495121 -5.68920231
v 1.14952433 10.6189003 -5.77904701
v 1.10093546 12.7426805 -5.53477478
v 1.05579698 14.8664608 -5.30784893
v 3.4211731 8.495121 -5.1201458
v 2.25487232 10.6189003 -5.44374275
v 4.35432673 8.495121 -4.35432482
v 2.15956187 12.7426805 -5.21364307
v 3.2735672 10.6189003 -4.89923811
v 1.01425135 16.990242 -5.09898567
v 5.1201458 8.495121 -3.42117095
v 4.16646004 10.6189003 -4.16645861
v 3.13519764 12.7426805 -4.69215393
v 2.07101989 14.8664608 -4.99988413
v 0.976375639 19.1140213 -4.9085722
v 5.68920135 8.495121 -2.35654306
v 4.89923811 10.6189003 -3.27356529
v 3.99034929 12.7426805 -3.9903481
v 3.0066545 14.8664608 -4.49977636
v 1.9895252 16.990242 -4.80313921
v 1.91522932 19.1140213 -4.6237731
v 6.03962326 8.495121 -1.20135438
v 5.4437418 10.6189003 -2.25487065
v 4.69215393 12.7426805 -3.13519621
v 3.82674527 14.8664608 -3.82674432
v 2.88834286 16.990242 -4.32271051
v 1.84815633 21.2378006 -4.46184492
v 6.15794563 8.495121 1.62147228e-06
v 5.7790451 10.6189003 -1.1495223
v 5.2136426 12.7426805 -2.15956044
v 4.49977541 14.8664608 -3.00665331
v 3.67616296 16.990242 -3.67616224
v 2.78048205 19.1140213 -4.1612854
v 6.03962135 8.495121 1.20135725
v 5.89226246 10.6189003 1.44618036e-06
v 5.5347724 12.7426805 -1.10093367
v 4.99988317 14.8664608 -2.0710187
v 4.32271004 16.990242 -2.8883419
v 3.53888202 19.1140213 -3.53888154
v 2.68310714 21.2378006 -4.01555395
v 5.68919849 8.495121 2.35654545
v 5.77904367 10.6189003 1.14952493
v 5.64320421 12.7426805 1.28185741e-06
v 5.30784702 14.8664608 -1.05579555
v 4.80313778 16.990242 -1.98952436
v 4.16128445 19.1140213 -2.7804811
v 5.12014198 8.495121 3.42117262
v 5.44373941 10.6189003 2.2548728
v 5.53477097 12.7426805 1.10093582
v 5.41183281 14.8664608 1.12920372e-06
v 5.09898329 16.990242 -1.01425016
v 4.35432291 8.495121 4.35432577
v 4.89923477 10.6189003 3.27356672
v 5.21363926 12.7426805 2.15956211
v 5.30784512 14.8664608 1.05579746
v 3.42116833 8.495121 5.12014437
v 4.16645622 10.6189003 4.16645908
v 4.69215059 12.7426805 3.1351974
v 5.19887733 16.990242 9.88700549e-07
v 4.99988079 14.8664608 2.07101989
v 5.09898233 16.990242 1.01425183
v 2.35654044 8.495121 5.68919992
v 3.27356291 10.6189003 4.89923716
v 3.99034572 12.7426805 3.99034834
v 4.49977255 14.8664608 3.00665426
v 4.8031354 16.990242 1.98952556
v 1.25615764 6.37134027 6.31514645
v -3.18240859e-06 6.37134027 6.43886709
v 1.20135224 8.495121 6.03962135
v 2.25486803 10.6189003 5.44373989
v 3.13519335 12.7426805 4.69215298
v 3.82674146 14.8664608 3.82674432
v -1.25616372 6.37134027 6.31514454
v -3.15007924e-06 8.495121 6.1579442
v -1.20135844 8.495121 6.03961945
v 1.14952004 10.6189003 5.77904272
v 2.15955758 12.7426805 5.21364069
v -1.14952624 10.6189003 5.77904177
v -3.11950384e-06 10.6189003 5.89226055
v -1.10093737 12.7426805 5.53476906
v 1.10093141 12.7426805 5.53477049
v -3.09084157e-06 12.7426805 5.64320278
v 3.00665069 14.8664608 4.49977446
v -1.05579913 14.8664608 5.30784369
v -3.06421475e-06 14.8664608 5.41183138
v 1.05579317 14.8664608 5.30784512
v 2.07101583 14.8664608 4.99988127
v -1.01425362 16.990242 5.09898043
v -3.03970728e-06 16.990242 5.19887638
v 1.01424766 16.990242 5.09898186
v 1.98952138 16.990242 4.80313635
v 2.88833928 16.990242 4.32270908
v -0.976377904 19.1140213 4.90856647
v -3.01736463e-06 19.1140213 5.00473213
v 0.976371944 19.1140213 4.90856791
v 1.91522563 19.1140213 4.62377024
v -2.99719386e-06 21.2378006 4.82946205
v 0.942178547 21.2378006 4.73666573
v -2.97916608e-06 23.3615818 4.67280912
v 0.9116171 23.3615818 4.58302259
v 0.884577513 25.4853611 4.44708586
v 1.73516428 25.4853611 4.18906355
v 1.84815276 21.2378006 4.46184206
v 1.78820431 23.3615818 4.3171134
v 2.51906967 25.4853611 3.77005792
v 2.59607172 23.3615818 3.88529992
v 3.20616865 25.4853611 3.2061708
v 2.68310356 21.2378006 4.01555204
v 3.30417371 23.3615818 3.30417633
v 3.77005601 25.4853611 2.51907301
v 2.78047824 19.1140213 4.16128397
v 3.41494441 21.2378006 3.41494656
v 3.88529778 23.3615818 2.59607506
v 4.1890626 25.4853611 1.73516786
v 3.53887868 19.1140213 3.53888106
v 4.01555014 21.2378006 2.6831069
v 4.31711245 23.3615818 1.78820801
v 4.44708586 25.4853611 0.884581208
v 3.67615962 16.990242 3.676162
v 4.16128159 19.1140213 2.78048182
v 4.3227067 16.990242 2.88834286
v 4.46184111 21.2378006 1.84815657
v 4.62376928 19.1140213 1.91522956
v 4.58302307 23.3615818 0.911620855
v 4.53421021 25.4853611 5.50167385e-07
v 4.90856838 19.1140213 0.976375997
v 4.7366662 21.2378006 0.942182422
v 4.67281008 23.3615818 6.41612758e-07
v 4.44708681 25.4853611 -0.884580374
v 5.00473309 19.1140213 8.60608225e-07
v 4.82946348 21.2378006 7.44969043e-07
v 4.58302402 23.3615818 -0.911619842
v 4.18906498 25.4853611 -1.7351675
v 4.90856934 19.1140213 -0.976374567
v 4.73666716 21.2378006 -0.94218123
v 4.31711531 23.3615818 -1.78820741
v 3.77005887 25.4853611 -2.51907301
v 4.62377167 19.1140213 -1.91522849
v 4.46184397 21.2378006 -1.84815574
v 3.8853004 23.3615818 -2.59607506
v 4.015553 21.2378006 -2.68310666
v 3.20617175 25.4853611 -3.20617175
v 3.41494751 21.2378006 -3.41494703
v 3.30417681 23.3615818 -3.30417681
v 2.45162749 27.6091423 -3.66912031
v 2.5960753 23.3615818 -3.88530135
v 2.51907301 25.4853611 -3.77005982
v 1.68871033 27.6091423 -4.07690859
v 1.73516762 25.4853611 -4.18906689
v 1.78820765 23.3615818 -4.31711626
vt 0.475830078 0.0419921875
vt 0.49609375 0.00146484375
vt 0.52734375 0.00146484375
vt 0.506835938 0.0419921875
vt 0.455566406 0.0830078125
vt 0.55859375 0.00146484375
vt 0.486816406 0.0830078125
vt 0.435302734 0.124023438
vt 0.538085938 0.0419921875
vt 0.58984375 0.00146484375
vt 0.466552734 0.124023438
vt 0.415039062 0.164550781
vt 0.517578125 0.0830078125
vt 0.569335938 0.0419921875
vt 0.62109375 0.00146484375
vt 0.446044922 0.164550781
vt 0.39453125 0.205566406
vt 0.497558594 0.124023438
vt 0.549316406 0.0830078125
vt 0.600585938 0.0419921875
vt 0.65234375 0.00146484375
vt 0.42578125 0.205566406
vt 0.374267578 0.246582031
vt 0.477294922 0.164550781
vt 0.528808594 0.124023438
vt 0.580566406 0.0830078125
vt 0.631835938 0.0419921875
vt 0.68359375 0.00146484375
vt 0.405517578 0.246582031
vt 0.354003906 0.287109375
vt 0.456787109 0.205566406
vt 0.508789062 0.164550781
vt 0.560058594 0.124023438
vt 0.611816406 0.0830078125
vt 0.663085938 0.0419921875
vt 0.71484375 0.00146484375
vt 0.385253906 0.287109375
vt 0.333740234 0.328125
vt 0.436523438 0.246582031
vt 0.48828125 0.205566406
vt 0.540039062 0.164550781
vt 0.591308594 0.124023438
vt 0.643066406 0.0830078125
vt 0.694335938 0.0419921875
vt 0.74609375 0.00146484375
vt 0.725585938 0.0419921875
vt 0.77734375 0.00146484375
vt 0.674316406 0.0830078125
vt 0.622558594 0.124023438
vt 0.571289062 0.164550781
vt 0.51953125 0.205566406
vt 0.756835938 0.0419921875
vt 0.80859375 0.00146484375
vt 0.705566406 0.0830078125
vt 0.653808594 0.124023438
vt 0.602539062 0.164550781
vt 0.788085938 0.0419921875
vt 0.83984375 0.00146484375
vt 0.736816406 0.0830078125
vt 0.685058594 0.124023438
vt 0.819335938 0.0419921875
vt 0.87109375 0.00146484375
vt 0.768066406 0.0830078125
vt 0.850585938 0.0419921875
vt 0.90234375 0.00146484375
vt 0.55078125 0.205566406
vt 0.633789062 0.164550781
vt 0.716308594 0.124023438
vt 0.799316406 0.0830078125
vt 0.881835938 0.0419921875
vt 0.93359375 0.00146484375
vt 0.58203125 0.205566406
vt 0.665039062 0.164550781
vt 0.747558594 0.124023438
vt 0.830566406 0.0830078125
vt 0.913085938 0.0419921875
vt 0.96484375 0.00146484375
vt 0.61328125 0.205566406
vt 0.696289062 0.164550781
vt 0.778808594 0.124023438
vt 0.861816406 0.0830078125
vt 0.944335938 0.0419921875
vt 0.99609375 0.00146484375
vt 0.64453125 0.205566406
vt 0.727539062 0.164550781
vt 0.810058594 0.124023438
vt 0.893066406 0.0830078125
vt 0.975585938 0.0419921875
vt 1.02734375 0.00146484375
vt 0.67578125 0.205566406
vt 0.758789062 0.164550781
vt 0.841308594 0.124023438
vt 0.924316406 0.0830078125
vt 1.00683594 0.0419921875
vt 1.05859375 0.00146484375
vt 0.70703125 0.205566406
vt 0.790039062 0.164550781
vt 0.872558594 0.124023438
vt 0.955566406 0.0830078125
vt 1.03808594 0.0419921875
vt 1.08984375 0.00146484375
vt 0.73828125 0.205566406
vt 0.821289062 0.164550781
vt 0.903808594 0.124023438
vt 0.986816406 0.0830078125
vt 1.06933594 0.0419921875
vt 1.12109375 0.00146484375
vt 0.76953125 0.205566406
vt 0.852539062 0.164550781
vt 0.935058594 0.124023438
vt 1.01757812 0.0830078125
vt 1.10058594 0.0419921875
vt 1.15234375 0.00146484375
vt 0.80078125 0.205566406
vt 0.883789062 0.164550781
vt 0.966308594 0.124023438
vt 1.04882812 0.0830078125
vt 1.13183594 0.0419921875
vt 1.18359375 0.00146484375
vt 0.83203125 0.205566406
vt 0.915039062 0.164550781
vt 0.997558594 0.124023438
vt 1.08007812 0.0830078125
vt 1.16308594 0.0419921875
vt 1.21484375 0.00146484375
vt 0.86328125 0.205566406
vt 0.946289062 0.164550781
vt 1.02929688 0.124023438
vt 1.11132812 0.0830078125
vt 1.19433594 0.0419921875
vt 1.24609375 0.00146484375
vt 0.89453125 0.205566406
vt 0.977539062 0.164550781
vt 1.06054688 0.124023438
vt 1.14257812 0.0830078125
vt 1.22558594 0.0419921875
vt 1.27734375 0.00146484375
vt 0.92578125 0.205566406
vt 1.00878906 0.164550781
vt 1.09179688 0.124023438
vt 1.17382812 0.0830078125
vt 1.25683594 0.0419921875
vt 1.30859375 0.00146484375
vt 0.95703125 0.205566406
vt 1.04003906 0.164550781
vt 1.12304688 0.124023438
vt 1.20507812 0.0830078125
vt 1.28808594 0.0419921875
vt 1.33984375 0.00146484375
vt 0.98828125 0.205566406
vt 1.07128906 0.164550781
vt 1.15429688 0.124023438
vt 1.23632812 0.0830078125
vt 1.31933594 0.0419921875
vt 1.37109375 0.00146484375
vt 1.01953125 0.205566406
vt 1.10253906 0.164550781
vt 1.18554688 0.124023438
vt 1.26757812 0.0830078125
vt 1.35058594 0.0419921875
vt 1.40234375 0.00146484375
vt 1.05078125 0.205566406
vt 1.13378906 0.164550781
vt 1.21679688 0.124023438
vt 1.29882812 0.0830078125
vt 1.38183594 0.0419921875
vt 1.43359375 0.00146484375
vt 1.08203125 0.205566406
vt 1.16503906 0.164550781
vt 1.24804688 0.124023438
vt 1.33007812 0.0830078125
vt 1.41308594 0.0419921875
vt 1.46484375 0.00146484375
vt 1.11328125 0.205566406
vt 1.19628906 0.164550781
vt 1.27929688 0.124023438
vt 1.36132812 0.0830078125
vt 1.44433594 0.0419921875
vt 1.49609375 0.00146484375
vt 1.47558594 0.0419921875
vt 1.39257812 0.0830078125
vt 1.42382812 0.0830078125
vt 1.45507812 0.0830078125
vt 1.31054688 0.124023438
vt 1.22753906 0.164550781
vt 1.34179688 0.124023438
vt 1.37304688 0.124023438
vt 1.40429688 0.124023438
vt 1.43554688 0.124023438
vt 1.25878906 0.164550781
vt 1.29003906 0.164550781
vt 1.32128906 0.164550781
vt 1.35253906 0.164550781
vt 1.38378906 0.164550781
vt 1.41503906 0.164550781
vt 1.36328125 0.205566406
vt 1.39453125 0.205566406
vt 1.33203125 0.205566406
vt 1.30078125 0.205566406
vt 1.26953125 0.205566406
vt 1.23828125 0.205566406
vt 1.34277344 0.246582031
vt 1.37402344 0.246582031
vt 1.31152344 0.246582031
vt 1.28027344 0.246582031
vt 1.24902344 0.246582031
vt 1.32226562 0.287109375
vt 1.35351562 0.287109375
vt 1.29101562 0.287109375
vt 1.25976562 0.287109375
vt 1.30273438 0.328125
vt 1.33398438 0.328125
vt 1.27148438 0.328125
vt 1.28222656 0.369140625
vt 1.31347656 0.369140625
vt 1.21777344 0.246582031
vt 1.22851562 0.287109375
vt 1.24023438 0.328125
vt 1.25097656 0.369140625
vt 1.26171875 0.409667969
vt 1.29296875 0.409667969
vt 1.19726562 0.287109375
vt 1.20898438 0.328125
vt 1.21972656 0.369140625
vt 1.23046875 0.409667969
vt 1.24121094 0.450683594
vt 1.27246094 0.450683594
vt 1.17773438 0.328125
vt 1.18847656 0.369140625
vt 1.19921875 0.409667969
vt 1.20996094 0.450683594
vt 1.22167969 0.491699219
vt 1.25195312 0.491699219
vt 1.15722656 0.369140625
vt 1.16796875 0.409667969
vt 1.17871094 0.450683594
vt 1.19042969 0.491699219
vt 1.20117188 0.532226562
vt 1.23242188 0.532226562
vt 1.13671875 0.409667969
vt 1.14746094 0.450683594
vt 1.15917969 0.491699219
vt 1.16992188 0.532226562
vt 1.18066406 0.573242188
vt 1.21191406 0.573242188
vt 1.11621094 0.450683594
vt 1.12792969 0.491699219
vt 1.13867188 0.532226562
vt 1.14941406 0.573242188
vt 1.16015625 0.614013672
vt 1.19140625 0.614013672
vt 1.09667969 0.491699219
vt 1.10742188 0.532226562
vt 1.11816406 0.573242188
vt 1.12890625 0.614013672
vt 1.13964844 0.654785156
vt 1.17089844 0.654785156
vt 1.07617188 0.532226562
vt 1.08691406 0.573242188
vt 1.09765625 0.614013672
vt 1.10839844 0.654785156
vt 1.12011719 0.695800781
vt 1.15136719 0.695800781
vt 1.05566406 0.573242188
vt 1.06640625 0.614013672
vt 1.07714844 0.654785156
vt 1.08886719 0.695800781
vt 1.09960938 0.736572266
vt 1.13085938 0.736572266
vt 1.03515625 0.614013672
vt 1.04589844 0.654785156
vt 1.05761719 0.695800781
vt 1.06835938 0.736572266
vt 1.07910156 0.77746582
vt 1.11035156 0.77746582
vt 1.01464844 0.654785156
vt 1.02636719 0.695800781
vt 1.03710938 0.736572266
vt 1.04785156 0.77746582
vt 1.05859375 0.818237305
vt 1.08984375 0.818237305
vt 0.994628906 0.695800781
vt 1.00585938 0.736572266
vt 1.01660156 0.77746582
vt 1.02734375 0.818237305
vt 1.04199219 0.85168457
vt 1.07324219 0.85168457
vt 0.974609375 0.736572266
vt 0.985351562 0.77746582
vt 0.99609375 0.818237305
vt 1.01074219 0.85168457
vt 1.02539062 0.885803223
vt 1.05664062 0.885803223
vt 0.954101562 0.77746582
vt 0.96484375 0.818237305
vt 0.979980469 0.85168457
vt 0.994140625 0.885803223
vt 1.00878906 0.918212891
vt 1.04003906 0.918212891
vt 0.93359375 0.818237305
vt 0.948730469 0.85168457
vt 0.962890625 0.885803223
vt 0.978027344 0.918212891
vt 0.988769531 0.958831787
vt 1.02050781 0.958831787
vt 0.999511719 1
vt 0.96875 1
vt 0.9375 1
vt 0.957519531 0.958831787
vt 0.90625 1
vt 0.926269531 0.958831787
vt 0.875 1
vt 0.946777344 0.918212891
vt 0.895019531 0.958831787
vt 0.84375 1
vt 0.915527344 0.918212891
vt 0.863769531 0.958831787
vt 0.8125 1
vt 0.931640625 0.885803223
vt 0.884277344 0.918212891
vt 0.832519531 0.958831787
vt 0.78125 1
vt 0.900390625 0.885803223
vt 0.853027344 0.918212891
vt 0.801269531 0.958831787
vt 0.75 1
vt 0.917480469 0.85168457
vt 0.869140625 0.885803223
vt 0.821777344 0.918212891
vt 0.770019531 0.958831787
vt 0.71875 1
vt 0.886230469 0.85168457
vt 0.837890625 0.885803223
vt 0.790527344 0.918212891
vt 0.738769531 0.958831787
vt 0.6875 1
vt 0.90234375 0.818237305
vt 0.854980469 0.85168457
vt 0.806640625 0.885803223
vt 0.759277344 0.918212891
vt 0.707519531 0.958831787
vt 0.65625 1
vt 0.922851562 0.77746582
vt 0.87109375 0.818237305
vt 0.823730469 0.85168457
vt 0.775390625 0.885803223
vt 0.728027344 0.918212891
vt 0.676269531 0.958831787
vt 0.625 1
vt 0.943359375 0.736572266
vt 0.891601562 0.77746582
vt 0.83984375 0.818237305
vt 0.792480469 0.85168457
vt 0.744140625 0.885803223
vt 0.696777344 0.918212891
vt 0.645019531 0.958831787
vt 0.59375 1
vt 0.613769531 0.958831787
vt 0.5625 1
vt 0.665527344 0.918212891
vt 0.712890625 0.885803223
vt 0.761230469 0.85168457
vt 0.80859375 0.818237305
vt 0.582519531 0.958831787
vt 0.53125 1
vt 0.634277344 0.918212891
vt 0.681640625 0.885803223
vt 0.729980469 0.85168457
vt 0.551269531 0.958831787
vt 0.499755859 1
vt 0.603027344 0.918212891
vt 0.650390625 0.885803223
vt 0.520019531 0.958831787
vt 0.468505859 1
vt 0.571777344 0.918212891
vt 0.489013672 0.958831787
vt 0.437255859 1
vt 0.77734375 0.818237305
vt 0.698730469 0.85168457
vt 0.619140625 0.885803223
vt 0.540527344 0.918212891
vt 0.457763672 0.958831787
vt 0.406005859 1
vt 0.74609375 0.818237305
vt 0.667480469 0.85168457
vt 0.587890625 0.885803223
vt 0.509277344 0.918212891
vt 0.426513672 0.958831787
vt 0.374755859 1
vt 0.71484375 0.818237305
vt 0.636230469 0.85168457
vt 0.556640625 0.885803223
vt 0.477783203 0.918212891
vt 0.395263672 0.958831787
vt 0.343505859 1
vt 0.68359375 0.818237305
vt 0.604980469 0.85168457
vt 0.525390625 0.885803223
vt 0.446533203 0.918212891
vt 0.364013672 0.958831787
vt 0.312255859 1
vt 0.65234375 0.818237305
vt 0.573730469 0.85168457
vt 0.494140625 0.885803223
vt 0.415283203 0.918212891
vt 0.332763672 0.958831787
vt 0.281005859 1
vt 0.62109375 0.818237305
vt 0.542480469 0.85168457
vt 0.462890625 0.885803223
vt 0.384033203 0.918212891
vt 0.301513672 0.958831787
vt 0.249755859 1
vt 0.58984375 0.818237305
vt 0.511230469 0.85168457
vt 0.431640625 0.885803223
vt 0.352783203 0.918212891
vt 0.270263672 0.958831787
vt 0.218505859 1
vt 0.55859375 0.818237305
vt 0.479736328 0.85168457
vt 0.400390625 0.885803223
vt 0.321533203 0.918212891
vt 0.239013672 0.958831787
vt 0.187255859 1
vt 0.52734375 0.818237305
vt 0.448486328 0.85168457
vt 0.369140625 0.885803223
vt 0.290283203 0.918212891
vt 0.207763672 0.958831787
vt 0.156005859 1
vt 0.496337891 0.818237305
vt 0.417236328 0.85168457
vt 0.337890625 0.885803223
vt 0.259033203 0.918212891
vt 0.176513672 0.958831787
vt 0.124755859 1
vt 0.465087891 0.818237305
vt 0.385986328 0.85168457
vt 0.306640625 0.885803223
vt 0.227905273 0.918212891
vt 0.145263672 0.958831787
vt 0.0935058594 1
vt 0.433837891 0.818237305
vt 0.354736328 0.85168457
vt 0.275390625 0.885803223
vt 0.196655273 0.918212891
vt 0.114013672 0.958831787
vt 0.0620727539 1
vt 0.402587891 0.818237305
vt 0.323486328 0.85168457
vt 0.244018555 0.885803223
vt 0.165405273 0.918212891
vt 0.0825195312 0.958831787
vt 0.0310211182 1
vt 0.371337891 0.818237305
vt 0.292236328 0.85168457
vt 0.212768555 0.885803223
vt 0.134155273 0.918212891
vt 0.0514831543 0.958831787
vt -0.000186800957 1
vt 0.0202789307 0.958831787
vt 0.102722168 0.918212891
vt 0.0716552734 0.918212891
vt 0.040435791 0.918212891
vt 0.181518555 0.885803223
vt 0.260986328 0.85168457
vt 0.150268555 0.885803223
vt 0.0877685547 0.885803223
vt 0.0565490723 0.885803223
vt 0.118835449 0.885803223
vt 0.229736328 0.85168457
vt 0.104736328 0.85168457
vt 0.0735473633 0.85168457
vt 0.198486328 0.85168457
vt 0.135742188 0.85168457
vt 0.167236328 0.85168457
vt 0.121337891 0.818237305
vt 0.0900878906 0.818237305
vt 0.15234375 0.818237305
vt 0.183837891 0.818237305
vt 0.215087891 0.818237305
vt 0.246337891 0.818237305
vt 0.141601562 0.77746582
vt 0.110412598 0.77746582
vt 0.172729492 0.77746582
vt 0.204101562 0.77746582
vt 0.235351562 0.77746582
vt 0.161987305 0.736572266
vt 0.130737305 0.736572266
vt 0.192993164 0.736572266
vt 0.224487305 0.736572266
vt 0.182250977 0.695800781
vt 0.151000977 0.695800781
vt 0.213256836 0.695800781
vt 0.202514648 0.654785156
vt 0.171264648 0.654785156
vt 0.266601562 0.77746582
vt 0.255615234 0.736572266
vt 0.244750977 0.695800781
vt 0.233642578 0.654785156
vt 0.22277832 0.614013672
vt 0.191650391 0.614013672
vt 0.286865234 0.736572266
vt 0.275878906 0.695800781
vt 0.265136719 0.654785156
vt 0.25390625 0.614013672
vt 0.243164062 0.573242188
vt 0.211914062 0.573242188
vt 0.307128906 0.695800781
vt 0.296386719 0.654785156
vt 0.285400391 0.614013672
vt 0.274169922 0.573242188
vt 0.263427734 0.532226562
vt 0.232177734 0.532226562
vt 0.327636719 0.654785156
vt 0.316650391 0.614013672
vt 0.305664062 0.573242188
vt 0.294433594 0.532226562
vt 0.283691406 0.491699219
vt 0.252441406 0.491699219
vt 0.347900391 0.614013672
vt 0.336914062 0.573242188
vt 0.325927734 0.532226562
vt 0.314697266 0.491699219
vt 0.303955078 0.450683594
vt 0.272705078 0.450683594
vt 0.368164062 0.573242188
vt 0.357177734 0.532226562
vt 0.346191406 0.491699219
vt 0.335205078 0.450683594
vt 0.32421875 0.409667969
vt 0.293212891 0.409667969
vt 0.388427734 0.532226562
vt 0.377441406 0.491699219
vt 0.366455078 0.450683594
vt 0.35546875 0.409667969
vt 0.344726562 0.369140625
vt 0.313476562 0.369140625
vt 0.408691406 0.491699219
vt 0.397705078 0.450683594
vt 0.38671875 0.409667969
vt 0.375732422 0.369140625
vt 0.364990234 0.328125
vt 0.395996094 0.328125
vt 0.416259766 0.287109375
vt 0.407226562 0.369140625
vt 0.41796875 0.409667969
vt 0.427490234 0.328125
vt 0.468017578 0.246582031
vt 0.447753906 0.287109375
vt 0.499267578 0.246582031
vt 0.438476562 0.369140625
vt 0.458740234 0.328125
vt 0.479003906 0.287109375
vt 0.530761719 0.246582031
vt 0.510253906 0.287109375
vt 0.562011719 0.246582031
vt 0.489990234 0.328125
vt 0.469726562 0.369140625
vt 0.541503906 0.287109375
vt 0.593261719 0.246582031
vt 0.520996094 0.328125
vt 0.44921875 0.409667969
vt 0.572753906 0.287109375
vt 0.624511719 0.246582031
vt 0.500976562 0.369140625
vt 0.428955078 0.450683594
vt 0.552246094 0.328125
vt 0.604003906 0.287109375
vt 0.655761719 0.246582031
vt 0.48046875 0.409667969
vt 0.460205078 0.450683594
vt 0.532226562 0.369140625
vt 0.583496094 0.328125
vt 0.635253906 0.287109375
vt 0.687011719 0.246582031
vt 0.51171875 0.409667969
vt 0.439941406 0.491699219
vt 0.563476562 0.369140625
vt 0.614746094 0.328125
vt 0.666503906 0.287109375
vt 0.718261719 0.246582031
vt 0.491455078 0.450683594
vt 0.419677734 0.532226562
vt 0.54296875 0.409667969
vt 0.594726562 0.369140625
vt 0.645996094 0.328125
vt 0.697753906 0.287109375
vt 0.749511719 0.246582031
vt 0.780761719 0.246582031
vt 0.729003906 0.287109375
vt 0.677246094 0.328125
vt 0.625976562 0.369140625
vt 0.57421875 0.409667969
vt 0.812011719 0.246582031
vt 0.760253906 0.287109375
vt 0.708496094 0.328125
vt 0.657226562 0.369140625
vt 0.843261719 0.246582031
vt 0.791503906 0.287109375
vt 0.739746094 0.328125
vt 0.874511719 0.246582031
vt 0.822753906 0.287109375
vt 0.905761719 0.246582031
vt 0.60546875 0.409667969
vt 0.688476562 0.369140625
vt 0.770996094 0.328125
vt 0.854003906 0.287109375
vt 0.937011719 0.246582031
vt 0.63671875 0.409667969
vt 0.719726562 0.369140625
vt 0.802246094 0.328125
vt 0.885253906 0.287109375
vt 0.968261719 0.246582031
vt 0.66796875 0.409667969
vt 0.750976562 0.369140625
vt 0.833496094 0.328125
vt 0.916503906 0.287109375
vt 0.999511719 0.246582031
vt 0.69921875 0.409667969
vt 0.782226562 0.369140625
vt 0.864746094 0.328125
vt 0.947753906 0.287109375
vt 1.03027344 0.246582031
vt 0.73046875 0.409667969
vt 0.813476562 0.369140625
vt 0.895996094 0.328125
vt 0.979003906 0.287109375
vt 1.06152344 0.246582031
vt 0.76171875 0.409667969
vt 0.844726562 0.369140625
vt 0.927246094 0.328125
vt 1.00976562 0.287109375
vt 0.79296875 0.409667969
vt 0.875976562 0.369140625
vt 0.958496094 0.328125
vt 0.82421875 0.409667969
vt 0.907226562 0.369140625
vt 0.85546875 0.409667969
vt 1.04101562 0.287109375
vt 0.989746094 0.328125
vt 0.938476562 0.369140625
vt 0.88671875 0.409667969
vt 1.09277344 0.246582031
vt 1.14453125 0.205566406
vt 1.17578125 0.205566406
vt 1.12402344 0.246582031
vt 1.07226562 0.287109375
vt 1.02148438 0.328125
vt 0.969726562 0.369140625
vt 1.20703125 0.205566406
vt 1.15527344 0.246582031
vt 1.18652344 0.246582031
vt 1.10351562 0.287109375
vt 1.05273438 0.328125
vt 1.13476562 0.287109375
vt 1.16601562 0.287109375
vt 1.08398438 0.328125
vt 1.00097656 0.369140625
vt 1.11523438 0.328125
vt 1.14648438 0.328125
vt 1.03222656 0.369140625
vt 1.06347656 0.369140625
vt 1.09472656 0.369140625
vt 1.12597656 0.369140625
vt 1.10546875 0.409667969
vt 1.07421875 0.409667969
vt 1.04296875 0.409667969
vt 1.01171875 0.409667969
vt 0.98046875 0.409667969
vt 1.08496094 0.450683594
vt 1.05371094 0.450683594
vt 1.02246094 0.450683594
vt 0.991699219 0.450683594
vt 1.06542969 0.491699219
vt 1.03417969 0.491699219
vt 1.00292969 0.491699219
vt 1.04492188 0.532226562
vt 1.01367188 0.532226562
vt 1.02441406 0.573242188
vt 0.960449219 0.450683594
vt 0.971191406 0.491699219
vt 0.982421875 0.532226562
vt 0.993164062 0.573242188
vt 1.00390625 0.614013672
vt 0.939941406 0.491699219
vt 0.951171875 0.532226562
vt 0.961914062 0.573242188
vt 0.97265625 0.614013672
vt 0.983886719 0.654785156
vt 0.919921875 0.532226562
vt 0.930664062 0.573242188
vt 0.94140625 0.614013672
vt 0.952636719 0.654785156
vt 0.963378906 0.695800781
vt 0.932128906 0.695800781
vt 0.912109375 0.736572266
vt 0.921386719 0.654785156
vt 0.91015625 0.614013672
vt 0.900878906 0.695800781
vt 0.860351562 0.77746582
vt 0.880859375 0.736572266
vt 0.829101562 0.77746582
vt 0.890136719 0.654785156
vt 0.849609375 0.736572266
vt 0.797851562 0.77746582
vt 0.869628906 0.695800781
vt 0.766601562 0.77746582
vt 0.818359375 0.736572266
vt 0.838378906 0.695800781
vt 0.858886719 0.654785156
vt 0.735351562 0.77746582
vt 0.787109375 0.736572266
vt 0.704101562 0.77746582
vt 0.807128906 0.695800781
vt 0.755859375 0.736572266
vt 0.87890625 0.614013672
vt 0.672851562 0.77746582
vt 0.724609375 0.736572266
vt 0.775878906 0.695800781
vt 0.827636719 0.654785156
vt 0.899414062 0.573242188
vt 0.641601562 0.77746582
vt 0.693359375 0.736572266
vt 0.744628906 0.695800781
vt 0.796386719 0.654785156
vt 0.84765625 0.614013672
vt 0.868164062 0.573242188
vt 0.610351562 0.77746582
vt 0.662109375 0.736572266
vt 0.713378906 0.695800781
vt 0.765136719 0.654785156
vt 0.81640625 0.614013672
vt 0.888671875 0.532226562
vt 0.579101562 0.77746582
vt 0.630859375 0.736572266
vt 0.682128906 0.695800781
vt 0.733886719 0.654785156
vt 0.78515625 0.614013672
vt 0.836914062 0.573242188
vt 0.547851562 0.77746582
vt 0.599609375 0.736572266
vt 0.650878906 0.695800781
vt 0.702636719 0.654785156
vt 0.75390625 0.614013672
vt 0.805664062 0.573242188
vt 0.857421875 0.532226562
vt 0.516601562 0.77746582
vt 0.568359375 0.736572266
vt 0.619628906 0.695800781
vt 0.671386719 0.654785156
vt 0.72265625 0.614013672
vt 0.774414062 0.573242188
vt 0.485351562 0.77746582
vt 0.537109375 0.736572266
vt 0.588378906 0.695800781
vt 0.640136719 0.654785156
vt 0.69140625 0.614013672
vt 0.454101562 0.77746582
vt 0.505859375 0.736572266
vt 0.557128906 0.695800781
vt 0.608886719 0.654785156
vt 0.422851562 0.77746582
vt 0.474365234 0.736572266
vt 0.525878906 0.695800781
vt 0.66015625 0.614013672
vt 0.577636719 0.654785156
vt 0.62890625 0.614013672
vt 0.391601562 0.77746582
vt 0.443115234 0.736572266
vt 0.494628906 0.695800781
vt 0.546386719 0.654785156
vt 0.59765625 0.614013672
vt 0.340087891 0.818237305
vt 0.308837891 0.818237305
vt 0.360351562 0.77746582
vt 0.411865234 0.736572266
vt 0.463378906 0.695800781
vt 0.515136719 0.654785156
vt 0.277587891 0.818237305
vt 0.329101562 0.77746582
vt 0.297851562 0.77746582
vt 0.380615234 0.736572266
vt 0.432128906 0.695800781
vt 0.318115234 0.736572266
vt 0.349365234 0.736572266
vt 0.338378906 0.695800781
vt 0.400878906 0.695800781
vt 0.369628906 0.695800781
vt 0.483886719 0.654785156
vt 0.358886719 0.654785156
vt 0.390136719 0.654785156
vt 0.421386719 0.654785156
vt 0.452636719 0.654785156
vt 0.379150391 0.614013672
vt 0.410400391 0.614013672
vt 0.441650391 0.614013672
vt 0.472900391 0.614013672
vt 0.50390625 0.614013672
vt 0.399414062 0.573242188
vt 0.430664062 0.573242188
vt 0.461914062 0.573242188
vt 0.493164062 0.573242188
vt 0.450927734 0.532226562
vt 0.482177734 0.532226562
vt 0.471191406 0.491699219
vt 0.502441406 0.491699219
vt 0.522949219 0.450683594
vt 0.554199219 0.450683594
vt 0.513671875 0.532226562
vt 0.533691406 0.491699219
vt 0.585449219 0.450683594
vt 0.564941406 0.491699219
vt 0.616699219 0.450683594
vt 0.544921875 0.532226562
vt 0.596191406 0.491699219
vt 0.647949219 0.450683594
vt 0.524414062 0.573242188
vt 0.576171875 0.532226562
vt 0.627441406 0.491699219
vt 0.679199219 0.450683594
vt 0.555664062 0.573242188
vt 0.607421875 0.532226562
vt 0.658691406 0.491699219
vt 0.710449219 0.450683594
vt 0.53515625 0.614013672
vt 0.586914062 0.573242188
vt 0.56640625 0.614013672
vt 0.638671875 0.532226562
vt 0.618164062 0.573242188
vt 0.689941406 0.491699219
vt 0.741699219 0.450683594
vt 0.649414062 0.573242188
vt 0.669921875 0.532226562
vt 0.721191406 0.491699219
vt 0.772949219 0.450683594
vt 0.680664062 0.573242188
vt 0.701171875 0.532226562
vt 0.752441406 0.491699219
vt 0.804199219 0.450683594
vt 0.711914062 0.573242188
vt 0.732421875 0.532226562
vt 0.783691406 0.491699219
vt 0.835449219 0.450683594
vt 0.743164062 0.573242188
vt 0.763671875 0.532226562
vt 0.814941406 0.491699219
vt 0.794921875 0.532226562
vt 0.866699219 0.450683594
vt 0.826171875 0.532226562
vt 0.846191406 0.491699219
vt 0.91796875 0.409667969
vt 0.877441406 0.491699219
vt 0.897949219 0.450683594
vt 0.94921875 0.409667969
vt 0.929199219 0.450683594
vt 0.908691406 0.491699219
vn -0.98046875 0.0178070068 0.195068359
vn -0.98046875 0.017868042 0.195068359
vn -0.923828125 0.017868042 0.382568359
vn -0.923828125 0.0178070068 0.382568359
vn -0.98046875 0.0181274414 0.195068359
vn -0.831542969 0.017868042 0.555664062
vn -0.923828125 0.0181274414 0.382568359
vn -0.98046875 0.0193786621 0.195068359
vn -0.831542969 0.0178070068 0.555664062
vn -0.70703125 0.017868042 0.70703125
vn -0.923828125 0.0193786621 0.382568359
vn -0.98046875 0.0215759277 0.195068359
vn -0.831542969 0.0181274414 0.555664062
vn -0.70703125 0.0178070068 0.70703125
vn -0.555664062 0.017868042 0.831542969
vn -0.923828125 0.0215759277 0.382568359
vn -0.98046875 0.0247192383 0.195068359
vn -0.831542969 0.0193786621 0.555664062
vn -0.70703125 0.0181274414 0.70703125
vn -0.555664062 0.0178070068 0.831542969
vn -0.382568359 0.017868042 0.923828125
vn -0.923828125 0.0247192383 0.382568359
vn -0.98046875 0.0287780762 0.195068359
vn -0.831054688 0.0215759277 0.555664062
vn -0.70703125 0.0193786621 0.70703125
vn -0.555664062 0.0181274414 0.831542969
vn -0.382568359 0.0178070068 0.923828125
vn -0.195068359 0.017868042 0.98046875
vn -0.923339844 0.0287780762 0.382568359
vn -0.98046875 0.0337524414 0.194946289
vn -0.831054688 0.0247192383 0.555175781
vn -0.70703125 0.0215759277 0.70703125
vn -0.555664062 0.0193786621 0.831542969
vn -0.382568359 0.0181274414 0.923828125
vn -0.195068359 0.0178070068 0.98046875
vn -7.74860382e-07 0.017868042 1
vn -0.923339844 0.0337524414 0.382568359
vn -0.979980469 0.0395507812 0.194946289
vn -0.831054688 0.0287780762 0.555175781
vn -0.70703125 0.0247192383 0.70703125
vn -0.555664062 0.0215759277 0.831054688
vn -0.382568359 0.0193786621 0.923828125
vn -0.195068359 0.0181274414 0.98046875
vn -8.94069672e-07 0.0178070068 1
vn 0.195068359 0.017868042 0.98046875
vn 0.195068359 0.0178070068 0.98046875
vn 0.382568359 0.017868042 0.923828125
vn -8.34465027e-07 0.0181274414 1
vn -0.195068359 0.0193786621 0.98046875
vn -0.382568359 0.0215759277 0.923828125
vn -0.555175781 0.0247192383 0.831054688
vn 0.382568359 0.0178070068 0.923828125
vn 0.555664062 0.017868042 0.831542969
vn 0.195068359 0.0181274414 0.98046875
vn -7.15255737e-07 0.0193786621 1
vn -0.195068359 0.0215759277 0.98046875
vn 0.555664062 0.0178070068 0.831542969
vn 0.70703125 0.017868042 0.70703125
vn 0.382568359 0.0181274414 0.923828125
vn 0.195068359 0.0193786621 0.98046875
vn 0.70703125 0.0178070068 0.70703125
vn 0.831542969 0.017868042 0.555664062
vn 0.555664062 0.0181274414 0.831542969
vn 0.831542969 0.0178070068 0.555664062
vn 0.923828125 0.017868042 0.382568359
vn -0.382568359 0.0247192383 0.923828125
vn -7.15255737e-07 0.0215759277 1
vn 0.382568359 0.0193786621 0.923828125
vn 0.70703125 0.0181274414 0.70703125
vn 0.923828125 0.0178070068 0.382568359
vn 0.98046875 0.017868042 0.195068359
vn -0.195068359 0.0247192383 0.98046875
vn 0.195068359 0.0215759277 0.98046875
vn 0.555664062 0.0193786621 0.831542969
vn 0.831542969 0.0181274414 0.555664062
vn 0.98046875 0.0178070068 0.195068359
vn 1 0.017868042 6.55651093e-07
vn -7.15255737e-07 0.0247192383 0.999511719
vn 0.382568359 0.0215759277 0.923828125
vn 0.70703125 0.0193786621 0.70703125
vn 0.923828125 0.0181274414 0.382568359
vn 1 0.0178070068 7.15255737e-07
vn 0.98046875 0.017868042 -0.195068359
vn 0.195068359 0.0247192383 0.98046875
vn 0.555664062 0.0215759277 0.831054688
vn 0.831542969 0.0193786621 0.555664062
vn 0.98046875 0.0181274414 0.195068359
vn 0.98046875 0.0178070068 -0.195068359
vn 0.923828125 0.017868042 -0.382568359
vn 0.382568359 0.0247192383 0.923828125
vn 0.70703125 0.0215759277 0.70703125
vn 0.923828125 0.0193786621 0.382568359
vn 1 0.0181274414 6.55651093e-07
vn 0.923828125 0.0178070068 -0.382568359
vn 0.831542969 0.017868042 -0.555664062
vn 0.555175781 0.0247192383 0.831054688
vn 0.831054688 0.0215759277 0.555664062
vn 0.98046875 0.0193786621 0.195068359
vn 0.98046875 0.0181274414 -0.195068359
vn 0.831542969 0.0178070068 -0.555664062
vn 0.70703125 0.017868042 -0.70703125
vn 0.70703125 0.0247192383 0.70703125
vn 0.923828125 0.0215759277 0.382568359
vn 1 0.0193786621 5.96046448e-07
vn 0.923828125 0.0181274414 -0.382568359
vn 0.70703125 0.0178070068 -0.70703125
vn 0.555664062 0.017868042 -0.831542969
vn 0.831054688 0.0247192383 0.555175781
vn 0.98046875 0.0215759277 0.195068359
vn 0.98046875 0.0193786621 -0.195068359
vn 0.831542969 0.0181274414 -0.555664062
vn 0.555664062 0.0178070068 -0.831542969
vn 0.382568359 0.017868042 -0.923828125
vn 0.923828125 0.0247192383 0.382568359
vn 1 0.0215759277 6.55651093e-07
vn 0.923828125 0.0193786621 -0.382568359
vn 0.70703125 0.0181274414 -0.70703125
vn 0.382568359 0.0178070068 -0.923828125
vn 0.195068359 0.017868042 -0.98046875
vn 0.98046875 0.0247192383 0.195068359
vn 0.98046875 0.0215759277 -0.195068359
vn 0.831542969 0.0193786621 -0.555664062
vn 0.555664062 0.0181274414 -0.831542969
vn 0.195068359 0.0178070068 -0.98046875
vn 2.98023224e-07 0.017868042 -1
vn 0.999511719 0.0247192383 6.55651093e-07
vn 0.923828125 0.0215759277 -0.382568359
vn 0.70703125 0.0193786621 -0.70703125
vn 0.382568359 0.0181274414 -0.923828125
vn 1.78813934e-07 0.0178070068 -1
vn -0.195068359 0.017868042 -0.98046875
vn 0.98046875 0.0247192383 -0.195068359
vn 0.831054688 0.0215759277 -0.555664062
vn 0.555664062 0.0193786621 -0.831542969
vn 0.195068359 0.0181274414 -0.98046875
vn -0.195068359 0.0178070068 -0.98046875
vn -0.382568359 0.017868042 -0.923828125
vn 0.923828125 0.0247192383 -0.382568359
vn 0.70703125 0.0215759277 -0.70703125
vn 0.382568359 0.0193786621 -0.923828125
vn 1.1920929e-07 0.0181274414 -1
vn -0.382568359 0.0178070068 -0.923828125
vn -0.555664062 0.017868042 -0.831542969
vn 0.831054688 0.0247192383 -0.555175781
vn 0.555664062 0.0215759277 -0.831054688
vn 0.195068359 0.0193786621 -0.98046875
vn -0.195068359 0.0181274414 -0.98046875
vn -0.555664062 0.0178070068 -0.831542969
vn -0.70703125 0.017868042 -0.70703125
vn 0.70703125 0.0247192383 -0.70703125
vn 0.382568359 0.0215759277 -0.923828125
vn 2.38418579e-07 0.0193786621 -1
vn -0.382568359 0.0181274414 -0.923828125
vn -0.70703125 0.0178070068 -0.70703125
vn -0.831542969 0.017868042 -0.555664062
vn 0.555175781 0.0247192383 -0.831054688
vn 0.195068359 0.0215759277 -0.98046875
vn -0.195068359 0.0193786621 -0.98046875
vn -0.555664062 0.0181274414 -0.831542969
vn -0.831542969 0.0178070068 -0.555664062
vn -0.923828125 0.017868042 -0.382568359
vn 0.382568359 0.0247192383 -0.923828125
vn 2.38418579e-07 0.0215759277 -1
vn -0.382568359 0.0193786621 -0.923828125
vn -0.70703125 0.0181274414 -0.70703125
vn -0.923828125 0.0178070068 -0.382568359
vn -0.98046875 0.017868042 -0.195068359
vn 0.195068359 0.0247192383 -0.98046875
vn -0.195068359 0.0215759277 -0.98046875
vn -0.555664062 0.0193786621 -0.831542969
vn -0.831542969 0.0181274414 -0.555664062
vn -0.98046875 0.0178070068 -0.195068359
vn -1 0.017868042 2.62260437e-06
vn 1.1920929e-07 0.0247192383 -0.999511719
vn -0.382568359 0.0215759277 -0.923828125
vn -0.70703125 0.0193786621 -0.70703125
vn -0.923828125 0.0181274414 -0.382568359
vn -1 0.0178070068 2.62260437e-06
vn -0.98046875 0.017868042 0.195068359
vn -0.98046875 0.0178070068 0.195068359
vn -0.98046875 0.0181274414 -0.195068359
vn -1 0.0181274414 2.62260437e-06
vn -0.98046875 0.0181274414 0.195068359
vn -0.831542969 0.0193786621 -0.555664062
vn -0.555664062 0.0215759277 -0.831054688
vn -0.923828125 0.0193786621 -0.382568359
vn -0.98046875 0.0193786621 -0.195068359
vn -1 0.0193786621 2.56299973e-06
vn -0.98046875 0.0193786621 0.195068359
vn -0.70703125 0.0215759277 -0.70703125
vn -0.831054688 0.0215759277 -0.555664062
vn -0.923828125 0.0215759277 -0.382568359
vn -0.98046875 0.0215759277 -0.195068359
vn -1 0.0215759277 2.50339508e-06
vn -0.98046875 0.0215759277 0.195068359
vn -0.999511719 0.0247192383 2.50339508e-06
vn -0.98046875 0.0247192383 0.195068359
vn -0.98046875 0.0247192383 -0.195068359
vn -0.923828125 0.0247192383 -0.382568359
vn -0.831054688 0.0247192383 -0.555175781
vn -0.70703125 0.0247192383 -0.70703125
vn -0.999511719 0.0287780762 2.50339508e-06
vn -0.98046875 0.0287780762 0.195068359
vn -0.98046875 0.0287780762 -0.195068359
vn -0.923339844 0.0287780762 -0.382568359
vn -0.831054688 0.0287780762 -0.555175781
vn -0.999511719 0.0337524414 2.44379044e-06
vn -0.98046875 0.0337524414 0.194946289
vn -0.98046875 0.0337524414 -0.194946289
vn -0.923339844 0.0337524414 -0.382568359
vn -0.999023438 0.0395507812 2.56299973e-06
vn -0.979980469 0.0395507812 0.194946289
vn -0.979980469 0.0395507812 -0.194946289
vn -0.999023438 0.0461120605 2.50339508e-06
vn -0.979980469 0.0461120605 0.194946289
vn -0.70703125 0.0287780762 -0.70703125
vn -0.831054688 0.0337524414 -0.555175781
vn -0.923339844 0.0395507812 -0.382324219
vn -0.979980469 0.0461120605 -0.194824219
vn -0.998535156 0.0533447266 2.50339508e-06
vn -0.979492188 0.0533447266 0.194824219
vn -0.706542969 0.0337524414 -0.706542969
vn -0.831054688 0.0395507812 -0.555175781
vn -0.922851562 0.0461120605 -0.382324219
vn -0.979492188 0.0533447266 -0.194824219
vn -0.998046875 0.0611572266 2.56299973e-06
vn -0.979003906 0.0611572266 0.194702148
vn -0.706542969 0.0395507812 -0.706542969
vn -0.830566406 0.0461120605 -0.555175781
vn -0.922363281 0.0533447266 -0.382080078
vn -0.979003906 0.0611572266 -0.194702148
vn -0.997558594 0.0694580078 2.50339508e-06
vn -0.978515625 0.0694580078 0.194580078
vn -0.706542969 0.0461120605 -0.706542969
vn -0.830078125 0.0533447266 -0.5546875
vn -0.922363281 0.0611572266 -0.382080078
vn -0.978515625 0.0694580078 -0.194580078
vn -0.997070312 0.0780029297 2.56299973e-06
vn -0.978027344 0.0780029297 0.194458008
vn -0.706054688 0.0533447266 -0.706054688
vn -0.830078125 0.0611572266 -0.5546875
vn -0.921875 0.0694580078 -0.381835938
vn -0.978027344 0.0780029297 -0.194458008
vn -0.99609375 0.086730957 2.62260437e-06
vn -0.977050781 0.086730957 0.194335938
vn -0.705566406 0.0611572266 -0.705566406
vn -0.829589844 0.0694580078 -0.554199219
vn -0.920898438 0.0780029297 -0.381591797
vn -0.977050781 0.086730957 -0.194335938
vn -0.995605469 0.0955200195 2.44379044e-06
vn -0.976074219 0.0955200195 0.194213867
vn -0.705566406 0.0694580078 -0.705566406
vn -0.829101562 0.0780029297 -0.553710938
vn -0.920410156 0.086730957 -0.381347656
vn -0.976074219 0.0955200195 -0.194213867
vn -0.994628906 0.104125977 2.38418579e-06
vn -0.975585938 0.104125977 0.194091797
vn -0.705078125 0.0780029297 -0.705078125
vn -0.828125 0.086730957 -0.553710938
vn -0.919433594 0.0955200195 -0.380859375
vn -0.975585938 0.104125977 -0.193969727
vn -0.993652344 0.112487793 2.44379044e-06
vn -0.974609375 0.112487793 0.193847656
vn -0.704589844 0.086730957 -0.704589844
vn -0.827636719 0.0955200195 -0.553222656
vn -0.918945312 0.104125977 -0.380615234
vn -0.974609375 0.112487793 -0.193847656
vn -0.992675781 0.120422363 2.56299973e-06
vn -0.973632812 0.120422363 0.193725586
vn -0.704101562 0.0955200195 -0.704101562
vn -0.827148438 0.104125977 -0.552734375
vn -0.91796875 0.112487793 -0.380371094
vn -0.973632812 0.120422363 -0.193725586
vn -0.991699219 0.127685547 2.56299973e-06
vn -0.97265625 0.127685547 0.193481445
vn -0.703125 0.104125977 -0.703125
vn -0.826171875 0.112487793 -0.552246094
vn -0.916992188 0.120422363 -0.379882812
vn -0.97265625 0.127685547 -0.193481445
vn -0.982421875 0.186645508 2.56299973e-06
vn -0.963378906 0.186645508 0.191650391
vn -0.702636719 0.112487793 -0.702636719
vn -0.825195312 0.120422363 -0.551757812
vn -0.916503906 0.127685547 -0.379638672
vn -0.963378906 0.186645508 -0.191650391
vn -0.943847656 0.329833984 2.38418579e-06
vn -0.92578125 0.329833984 0.184204102
vn -0.702148438 0.120422363 -0.702148438
vn -0.824707031 0.127685547 -0.55078125
vn -0.907714844 0.186645508 -0.375976562
vn -0.92578125 0.329833984 -0.184204102
vn -0.845703125 0.534179688 2.14576721e-06
vn -0.829101562 0.534179688 0.164916992
vn -0.701171875 0.127685547 -0.701171875
vn -0.816894531 0.186645508 -0.545898438
vn -0.872070312 0.329833984 -0.361328125
vn -0.829101562 0.534179688 -0.164916992
vn -0.715332031 0.698730469 1.90734863e-06
vn -0.701660156 0.698730469 0.139526367
vn -0.694824219 0.186645508 -0.694824219
vn -0.78515625 0.329833984 -0.524414062
vn -0.78125 0.534179688 -0.323486328
vn -0.701660156 0.698730469 -0.139526367
vn -0.603515625 0.797363281 1.66893005e-06
vn -0.592285156 0.797363281 0.117797852
vn -0.549316406 0.828613281 0.10925293
vn -0.560058594 0.828613281 1.49011612e-06
vn -0.549316406 0.828613281 -0.10925293
vn -0.592285156 0.797363281 -0.117797852
vn -0.517578125 0.828613281 -0.214355469
vn -0.557617188 0.797363281 -0.231079102
vn -0.465576172 0.828613281 -0.311035156
vn -0.661132812 0.698730469 -0.273681641
vn -0.501953125 0.797363281 -0.335449219
vn -0.395996094 0.828613281 -0.395996094
vn -0.594726562 0.698730469 -0.397460938
vn -0.427001953 0.797363281 -0.427001953
vn -0.311035156 0.828613281 -0.465576172
vn -0.703125 0.534179688 -0.469726562
vn -0.505859375 0.698730469 -0.505859375
vn -0.335449219 0.797363281 -0.501953125
vn -0.214355469 0.828613281 -0.517578125
vn -0.59765625 0.534179688 -0.59765625
vn -0.397460938 0.698730469 -0.594726562
vn -0.231079102 0.797363281 -0.557617188
vn -0.10925293 0.828613281 -0.549316406
vn -0.667480469 0.329833984 -0.667480469
vn -0.469726562 0.534179688 -0.703125
vn -0.273681641 0.698730469 -0.661132812
vn -0.117797852 0.797363281 -0.592285156
vn 2.38418579e-07 0.828613281 -0.560058594
vn -0.524414062 0.329833984 -0.78515625
vn -0.323486328 0.534179688 -0.78125
vn -0.139526367 0.698730469 -0.701660156
vn 2.38418579e-07 0.797363281 -0.603515625
vn 0.10925293 0.828613281 -0.549316406
vn -0.545898438 0.186645508 -0.816894531
vn -0.361328125 0.329833984 -0.872070312
vn -0.164916992 0.534179688 -0.829101562
vn 2.98023224e-07 0.698730469 -0.715332031
vn 0.117797852 0.797363281 -0.592285156
vn 0.214355469 0.828613281 -0.517578125
vn -0.55078125 0.127685547 -0.824707031
vn -0.375976562 0.186645508 -0.907714844
vn -0.184204102 0.329833984 -0.92578125
vn 1.1920929e-07 0.534179688 -0.845703125
vn 0.139526367 0.698730469 -0.701660156
vn 0.231079102 0.797363281 -0.557617188
vn 0.311035156 0.828613281 -0.465576172
vn -0.551757812 0.120422363 -0.825195312
vn -0.379638672 0.127685547 -0.916503906
vn -0.191650391 0.186645508 -0.963378906
vn 0 0.329833984 -0.943847656
vn 0.164916992 0.534179688 -0.829101562
vn 0.273681641 0.698730469 -0.661132812
vn 0.335449219 0.797363281 -0.501953125
vn 0.395996094 0.828613281 -0.395996094
vn 0.427001953 0.797363281 -0.427001953
vn 0.465576172 0.828613281 -0.311035156
vn 0.397460938 0.698730469 -0.594726562
vn 0.323486328 0.534179688 -0.78125
vn 0.184204102 0.329833984 -0.92578125
vn 1.1920929e-07 0.186645508 -0.982421875
vn 0.501953125 0.797363281 -0.335449219
vn 0.517578125 0.828613281 -0.214355469
vn 0.505859375 0.698730469 -0.505859375
vn 0.469726562 0.534179688 -0.703125
vn 0.361328125 0.329833984 -0.872070312
vn 0.557617188 0.797363281 -0.231079102
vn 0.549316406 0.828613281 -0.10925293
vn 0.594726562 0.698730469 -0.397460938
vn 0.59765625 0.534179688 -0.59765625
vn 0.592285156 0.797363281 -0.117797852
vn 0.560058594 0.828613281 4.76837158e-07
vn 0.661132812 0.698730469 -0.273681641
vn 0.603515625 0.797363281 4.76837158e-07
vn 0.549316406 0.828613281 0.10925293
vn 0.191650391 0.186645508 -0.963378906
vn 0.524414062 0.329833984 -0.78515625
vn 0.703125 0.534179688 -0.469726562
vn 0.701660156 0.698730469 -0.139526367
vn 0.592285156 0.797363281 0.117797852
vn 0.517578125 0.828613281 0.214355469
vn 0.375976562 0.186645508 -0.907714844
vn 0.667480469 0.329833984 -0.667480469
vn 0.78125 0.534179688 -0.323486328
vn 0.715332031 0.698730469 5.36441803e-07
vn 0.557617188 0.797363281 0.231079102
vn 0.465576172 0.828613281 0.311035156
vn 0.545898438 0.186645508 -0.816894531
vn 0.78515625 0.329833984 -0.524414062
vn 0.829101562 0.534179688 -0.164916992
vn 0.701660156 0.698730469 0.139526367
vn 0.501953125 0.797363281 0.335449219
vn 0.395996094 0.828613281 0.395996094
vn 0.694824219 0.186645508 -0.694824219
vn 0.872070312 0.329833984 -0.361328125
vn 0.845703125 0.534179688 5.36441803e-07
vn 0.661132812 0.698730469 0.273681641
vn 0.427001953 0.797363281 0.427001953
vn 0.311035156 0.828613281 0.465576172
vn 0.816894531 0.186645508 -0.545898438
vn 0.92578125 0.329833984 -0.184204102
vn 0.829101562 0.534179688 0.164916992
vn 0.594726562 0.698730469 0.397460938
vn 0.335449219 0.797363281 0.501953125
vn 0.214355469 0.828613281 0.517578125
vn 0.907714844 0.186645508 -0.375976562
vn 0.943847656 0.329833984 5.96046448e-07
vn 0.78125 0.534179688 0.323486328
vn 0.505859375 0.698730469 0.505859375
vn 0.231079102 0.797363281 0.557617188
vn 0.10925293 0.828613281 0.549316406
vn 0.963378906 0.186645508 -0.191650391
vn 0.92578125 0.329833984 0.184204102
vn 0.703125 0.534179688 0.469726562
vn 0.397460938 0.698730469 0.594726562
vn 0.117797852 0.797363281 0.592285156
vn -2.98023224e-07 0.828613281 0.560058594
vn 0.982421875 0.186645508 5.96046448e-07
vn 0.872070312 0.329833984 0.361328125
vn 0.59765625 0.534179688 0.59765625
vn 0.273681641 0.698730469 0.661132812
vn -3.57627869e-07 0.797363281 0.603515625
vn -0.10925293 0.828613281 0.549316406
vn 0.963378906 0.186645508 0.191650391
vn 0.78515625 0.329833984 0.524414062
vn 0.469726562 0.534179688 0.703125
vn 0.139526367 0.698730469 0.701660156
vn -0.117797852 0.797363281 0.592285156
vn -0.214355469 0.828613281 0.517578125
vn 0.907714844 0.186645508 0.375976562
vn 0.667480469 0.329833984 0.667480469
vn 0.323486328 0.534179688 0.78125
vn -3.57627869e-07 0.698730469 0.715332031
vn -0.231079102 0.797363281 0.557617188
vn -0.311035156 0.828613281 0.465576172
vn 0.816894531 0.186645508 0.545898438
vn 0.524414062 0.329833984 0.78515625
vn 0.164916992 0.534179688 0.829101562
vn -0.139526367 0.698730469 0.701660156
vn -0.335449219 0.797363281 0.501953125
vn -0.395996094 0.828613281 0.395996094
vn 0.694824219 0.186645508 0.694824219
vn 0.361328125 0.329833984 0.872070312
vn -1.78813934e-07 0.534179688 0.845703125
vn -0.273681641 0.698730469 0.661132812
vn -0.427001953 0.797363281 0.427001953
vn -0.465576172 0.828613281 0.311035156
vn 0.545898438 0.186645508 0.816894531
vn 0.184204102 0.329833984 0.92578125
vn -0.164916992 0.534179688 0.829101562
vn -0.397460938 0.698730469 0.594726562
vn -0.501953125 0.797363281 0.335449219
vn -0.517578125 0.828613281 0.214355469
vn 0.375976562 0.186645508 0.907714844
vn -2.38418579e-07 0.329833984 0.943847656
vn -0.323486328 0.534179688 0.78125
vn -0.505859375 0.698730469 0.505859375
vn -0.557617188 0.797363281 0.231079102
vn -0.549316406 0.828613281 0.10925293
vn -0.592285156 0.797363281 0.117797852
vn -0.594726562 0.698730469 0.397460938
vn -0.661132812 0.698730469 0.273681641
vn -0.701660156 0.698730469 0.139526367
vn -0.469726562 0.534179688 0.703125
vn -0.184204102 0.329833984 0.92578125
vn -0.59765625 0.534179688 0.59765625
vn -0.78125 0.534179688 0.323486328
vn -0.829101562 0.534179688 0.164916992
vn -0.703125 0.534179688 0.469726562
vn -0.361328125 0.329833984 0.872070312
vn -0.872070312 0.329833984 0.361328125
vn -0.92578125 0.329833984 0.184204102
vn -0.524414062 0.329833984 0.78515625
vn -0.78515625 0.329833984 0.524414062
vn -0.667480469 0.329833984 0.667480469
vn -0.907714844 0.186645508 0.375976562
vn -0.963378906 0.186645508 0.191650391
vn -0.816894531 0.186645508 0.545898438
vn -0.694824219 0.186645508 0.694824219
vn -0.545898438 0.186645508 0.816894531
vn -0.375976562 0.186645508 0.907714844
vn -0.916503906 0.127685547 0.379638672
vn -0.97265625 0.127685547 0.193481445
vn -0.824707031 0.127685547 0.55078125
vn -0.701171875 0.127685547 0.701171875
vn -0.55078125 0.127685547 0.824707031
vn -0.916992188 0.120422363 0.379882812
vn -0.973632812 0.120422363 0.193725586
vn -0.825195312 0.120422363 0.551757812
vn -0.702148438 0.120422363 0.702148438
vn -0.91796875 0.112487793 0.380371094
vn -0.974609375 0.112487793 0.193847656
vn -0.826171875 0.112487793 0.552246094
vn -0.918945312 0.104125977 0.380615234
vn -0.975585938 0.104125977 0.194091797
vn -0.379638672 0.127685547 0.916503906
vn -0.551757812 0.120422363 0.825195312
vn -0.702636719 0.112487793 0.702636719
vn -0.827148438 0.104125977 0.552734375
vn -0.919433594 0.0955200195 0.380859375
vn -0.976074219 0.0955200195 0.194213867
vn -0.379882812 0.120422363 0.916992188
vn -0.552246094 0.112487793 0.826171875
vn -0.703125 0.104125977 0.703125
vn -0.827636719 0.0955200195 0.553222656
vn -0.920410156 0.086730957 0.381347656
vn -0.977050781 0.086730957 0.194335938
vn -0.380371094 0.112487793 0.91796875
vn -0.552734375 0.104125977 0.827148438
vn -0.704101562 0.0955200195 0.704101562
vn -0.828125 0.086730957 0.553710938
vn -0.920898438 0.0780029297 0.381591797
vn -0.978027344 0.0780029297 0.194458008
vn -0.380615234 0.104125977 0.918945312
vn -0.553222656 0.0955200195 0.827636719
vn -0.704589844 0.086730957 0.704589844
vn -0.829101562 0.0780029297 0.553710938
vn -0.921875 0.0694580078 0.381835938
vn -0.978515625 0.0694580078 0.194580078
vn -0.380859375 0.0955200195 0.919433594
vn -0.553710938 0.086730957 0.828125
vn -0.705078125 0.0780029297 0.705078125
vn -0.829589844 0.0694580078 0.554199219
vn -0.922363281 0.0611572266 0.382080078
vn -0.979003906 0.0611572266 0.194702148
vn -0.381347656 0.086730957 0.920410156
vn -0.553710938 0.0780029297 0.829101562
vn -0.705566406 0.0694580078 0.705566406
vn -0.830078125 0.0611572266 0.5546875
vn -0.922363281 0.0533447266 0.382080078
vn -0.979492188 0.0533447266 0.194824219
vn -0.381591797 0.0780029297 0.920898438
vn -0.554199219 0.0694580078 0.829589844
vn -0.705566406 0.0611572266 0.705566406
vn -0.830078125 0.0533447266 0.5546875
vn -0.922851562 0.0461120605 0.382324219
vn -0.979980469 0.0461120605 0.194946289
vn -0.381835938 0.0694580078 0.921875
vn -0.5546875 0.0611572266 0.830078125
vn -0.706054688 0.0533447266 0.706054688
vn -0.830566406 0.0461120605 0.555175781
vn -0.923339844 0.0395507812 0.382324219
vn -0.831054688 0.0395507812 0.555175781
vn -0.831054688 0.0337524414 0.555175781
vn -0.706542969 0.0461120605 0.706542969
vn -0.5546875 0.0533447266 0.830078125
vn -0.706542969 0.0395507812 0.706542969
vn -0.70703125 0.0287780762 0.70703125
vn -0.706542969 0.0337524414 0.706542969
vn -0.555175781 0.0287780762 0.831054688
vn -0.555175781 0.0461120605 0.830566406
vn -0.555175781 0.0395507812 0.831054688
vn -0.555175781 0.0337524414 0.831054688
vn -0.382568359 0.0287780762 0.923339844
vn -0.382568359 0.0337524414 0.923339844
vn -0.195068359 0.0287780762 0.98046875
vn -0.382324219 0.0395507812 0.923339844
vn -0.382324219 0.0461120605 0.922851562
vn -0.194946289 0.0337524414 0.98046875
vn -6.55651093e-07 0.0287780762 0.999511719
vn -0.194946289 0.0395507812 0.979980469
vn -0.382080078 0.0533447266 0.922363281
vn -6.55651093e-07 0.0337524414 0.999511719
vn 0.195068359 0.0287780762 0.98046875
vn -0.194824219 0.0461120605 0.979980469
vn -0.382080078 0.0611572266 0.922363281
vn -7.15255737e-07 0.0395507812 0.999023438
vn 0.194946289 0.0337524414 0.98046875
vn 0.382568359 0.0287780762 0.923339844
vn -0.194824219 0.0533447266 0.979492188
vn -0.194702148 0.0611572266 0.979003906
vn -5.96046448e-07 0.0461120605 0.999023438
vn 0.194946289 0.0395507812 0.979980469
vn 0.382568359 0.0337524414 0.923339844
vn 0.555175781 0.0287780762 0.831054688
vn -5.36441803e-07 0.0533447266 0.998535156
vn -0.194580078 0.0694580078 0.978515625
vn 0.194824219 0.0461120605 0.979980469
vn 0.382324219 0.0395507812 0.923339844
vn 0.555175781 0.0337524414 0.831054688
vn 0.70703125 0.0287780762 0.70703125
vn -6.55651093e-07 0.0611572266 0.998046875
vn -0.194458008 0.0780029297 0.978027344
vn 0.194824219 0.0533447266 0.979492188
vn 0.382324219 0.0461120605 0.922851562
vn 0.555175781 0.0395507812 0.831054688
vn 0.706542969 0.0337524414 0.706542969
vn 0.831054688 0.0287780762 0.555175781
vn 0.923339844 0.0287780762 0.382568359
vn 0.831054688 0.0337524414 0.555175781
vn 0.706542969 0.0395507812 0.706542969
vn 0.555175781 0.0461120605 0.830566406
vn 0.382080078 0.0533447266 0.922363281
vn 0.98046875 0.0287780762 0.195068359
vn 0.923339844 0.0337524414 0.382568359
vn 0.831054688 0.0395507812 0.555175781
vn 0.706542969 0.0461120605 0.706542969
vn 0.999511719 0.0287780762 5.96046448e-07
vn 0.98046875 0.0337524414 0.194946289
vn 0.923339844 0.0395507812 0.382324219
vn 0.98046875 0.0287780762 -0.195068359
vn 0.999511719 0.0337524414 6.55651093e-07
vn 0.923339844 0.0287780762 -0.382568359
vn 0.5546875 0.0533447266 0.830078125
vn 0.830566406 0.0461120605 0.555175781
vn 0.979980469 0.0395507812 0.194946289
vn 0.98046875 0.0337524414 -0.194946289
vn 0.831054688 0.0287780762 -0.555175781
vn 0.706054688 0.0533447266 0.706054688
vn 0.922851562 0.0461120605 0.382324219
vn 0.999023438 0.0395507812 5.96046448e-07
vn 0.923339844 0.0337524414 -0.382568359
vn 0.70703125 0.0287780762 -0.70703125
vn 0.830078125 0.0533447266 0.5546875
vn 0.979980469 0.0461120605 0.194824219
vn 0.979980469 0.0395507812 -0.194946289
vn 0.831054688 0.0337524414 -0.555175781
vn 0.555175781 0.0287780762 -0.831054688
vn 0.922363281 0.0533447266 0.382080078
vn 0.999023438 0.0461120605 5.36441803e-07
vn 0.923339844 0.0395507812 -0.382324219
vn 0.706542969 0.0337524414 -0.706542969
vn 0.382568359 0.0287780762 -0.923339844
vn 0.979492188 0.0533447266 0.194824219
vn 0.979980469 0.0461120605 -0.194824219
vn 0.831054688 0.0395507812 -0.555175781
vn 0.555175781 0.0337524414 -0.831054688
vn 0.195068359 0.0287780762 -0.98046875
vn 0.998535156 0.0533447266 5.96046448e-07
vn 0.922851562 0.0461120605 -0.382324219
vn 0.706542969 0.0395507812 -0.706542969
vn 0.382568359 0.0337524414 -0.923339844
vn 0.979492188 0.0533447266 -0.194824219
vn 0.830566406 0.0461120605 -0.555175781
vn 0.555175781 0.0395507812 -0.831054688
vn 0.922363281 0.0533447266 -0.382080078
vn 0.706542969 0.0461120605 -0.706542969
vn 0.830078125 0.0533447266 -0.5546875
vn 0.194946289 0.0337524414 -0.98046875
vn 0.382324219 0.0395507812 -0.923339844
vn 0.555175781 0.0461120605 -0.830566406
vn 0.706054688 0.0533447266 -0.706054688
vn 0 0.0287780762 -0.999511719
vn -0.195068359 0.0247192383 -0.98046875
vn -0.382568359 0.0247192383 -0.923828125
vn -0.195068359 0.0287780762 -0.98046875
vn 0 0.0337524414 -0.999511719
vn 0.194946289 0.0395507812 -0.979980469
vn 0.382324219 0.0461120605 -0.922851562
vn -0.555175781 0.0247192383 -0.831054688
vn -0.382568359 0.0287780762 -0.923339844
vn -0.555175781 0.0287780762 -0.831054688
vn -0.194946289 0.0337524414 -0.98046875
vn 0 0.0395507812 -0.999023438
vn -0.382568359 0.0337524414 -0.923339844
vn -0.555175781 0.0337524414 -0.831054688
vn -0.194946289 0.0395507812 -0.979980469
vn 0.194824219 0.0461120605 -0.979980469
vn -0.382324219 0.0395507812 -0.923339844
vn -0.555175781 0.0395507812 -0.831054688
vn 2.38418579e-07 0.0461120605 -0.999023438
vn -0.194824219 0.0461120605 -0.979980469
vn -0.382324219 0.0461120605 -0.922851562
vn -0.555175781 0.0461120605 -0.830566406
vn -0.5546875 0.0533447266 -0.830078125
vn -0.382080078 0.0533447266 -0.922363281
vn -0.194824219 0.0533447266 -0.979492188
vn 1.78813934e-07 0.0533447266 -0.998535156
vn 0.194824219 0.0533447266 -0.979492188
vn -0.5546875 0.0611572266 -0.830078125
vn -0.382080078 0.0611572266 -0.922363281
vn -0.194702148 0.0611572266 -0.979003906
vn 0 0.0611572266 -0.998046875
vn -0.554199219 0.0694580078 -0.829589844
vn -0.381835938 0.0694580078 -0.921875
vn -0.194580078 0.0694580078 -0.978515625
vn -0.553710938 0.0780029297 -0.829101562
vn -0.381591797 0.0780029297 -0.920898438
vn -0.553710938 0.086730957 -0.828125
vn 0.194702148 0.0611572266 -0.979003906
vn 1.78813934e-07 0.0694580078 -0.997558594
vn -0.194458008 0.0780029297 -0.978027344
vn -0.381347656 0.086730957 -0.920410156
vn -0.553222656 0.0955200195 -0.827636719
vn 0.194580078 0.0694580078 -0.978515625
vn 2.98023224e-07 0.0780029297 -0.997070312
vn -0.194335938 0.086730957 -0.977050781
vn -0.380859375 0.0955200195 -0.919433594
vn -0.552734375 0.104125977 -0.827148438
vn 0.194458008 0.0780029297 -0.978027344
vn 2.98023224e-07 0.086730957 -0.99609375
vn -0.194213867 0.0955200195 -0.976074219
vn -0.380615234 0.104125977 -0.918945312
vn -0.552246094 0.112487793 -0.826171875
vn -0.380371094 0.112487793 -0.91796875
vn -0.379882812 0.120422363 -0.916992188
vn -0.193969727 0.104125977 -0.975585938
vn 2.38418579e-07 0.0955200195 -0.995605469
vn -0.193847656 0.112487793 -0.974609375
vn -0.193481445 0.127685547 -0.97265625
vn -0.193725586 0.120422363 -0.973632812
vn 2.98023224e-07 0.127685547 -0.991699219
vn 1.78813934e-07 0.104125977 -0.994628906
vn 2.98023224e-07 0.120422363 -0.992675781
vn 0.193481445 0.127685547 -0.97265625
vn 1.78813934e-07 0.112487793 -0.993652344
vn 0.379638672 0.127685547 -0.916503906
vn 0.193725586 0.120422363 -0.973632812
vn 0.193847656 0.112487793 -0.974609375
vn 0.193969727 0.104125977 -0.975585938
vn 0.55078125 0.127685547 -0.824707031
vn 0.379882812 0.120422363 -0.916992188
vn 0.701171875 0.127685547 -0.701171875
vn 0.380371094 0.112487793 -0.91796875
vn 0.551757812 0.120422363 -0.825195312
vn 0.194213867 0.0955200195 -0.976074219
vn 0.824707031 0.127685547 -0.55078125
vn 0.702148438 0.120422363 -0.702148438
vn 0.552246094 0.112487793 -0.826171875
vn 0.380615234 0.104125977 -0.918945312
vn 0.194335938 0.086730957 -0.977050781
vn 0.916503906 0.127685547 -0.379638672
vn 0.825195312 0.120422363 -0.551757812
vn 0.702636719 0.112487793 -0.702636719
vn 0.552734375 0.104125977 -0.827148438
vn 0.380859375 0.0955200195 -0.919433594
vn 0.381347656 0.086730957 -0.920410156
vn 0.97265625 0.127685547 -0.193481445
vn 0.916992188 0.120422363 -0.379882812
vn 0.826171875 0.112487793 -0.552246094
vn 0.703125 0.104125977 -0.703125
vn 0.553222656 0.0955200195 -0.827636719
vn 0.381591797 0.0780029297 -0.920898438
vn 0.991699219 0.127685547 6.55651093e-07
vn 0.973632812 0.120422363 -0.193725586
vn 0.91796875 0.112487793 -0.380371094
vn 0.827148438 0.104125977 -0.552734375
vn 0.704101562 0.0955200195 -0.704101562
vn 0.553710938 0.086730957 -0.828125
vn 0.97265625 0.127685547 0.193481445
vn 0.992675781 0.120422363 7.74860382e-07
vn 0.974609375 0.112487793 -0.193847656
vn 0.918945312 0.104125977 -0.380615234
vn 0.827636719 0.0955200195 -0.553222656
vn 0.704589844 0.086730957 -0.704589844
vn 0.553710938 0.0780029297 -0.829101562
vn 0.916503906 0.127685547 0.379638672
vn 0.973632812 0.120422363 0.193725586
vn 0.993652344 0.112487793 7.15255737e-07
vn 0.975585938 0.104125977 -0.193969727
vn 0.919433594 0.0955200195 -0.380859375
vn 0.828125 0.086730957 -0.553710938
vn 0.824707031 0.127685547 0.55078125
vn 0.916992188 0.120422363 0.379882812
vn 0.974609375 0.112487793 0.193847656
vn 0.994628906 0.104125977 7.15255737e-07
vn 0.976074219 0.0955200195 -0.194213867
vn 0.701171875 0.127685547 0.701171875
vn 0.825195312 0.120422363 0.551757812
vn 0.91796875 0.112487793 0.380371094
vn 0.975585938 0.104125977 0.193969727
vn 0.55078125 0.127685547 0.824707031
vn 0.702148438 0.120422363 0.702148438
vn 0.826171875 0.112487793 0.552246094
vn 0.995605469 0.0955200195 6.55651093e-07
vn 0.918945312 0.104125977 0.380615234
vn 0.976074219 0.0955200195 0.194213867
vn 0.379638672 0.127685547 0.916503906
vn 0.551757812 0.120422363 0.825195312
vn 0.702636719 0.112487793 0.702636719
vn 0.827148438 0.104125977 0.552734375
vn 0.919433594 0.0955200195 0.380859375
vn 0.191650391 0.186645508 0.963378906
vn -4.17232513e-07 0.186645508 0.982421875
vn 0.193481445 0.127685547 0.97265625
vn 0.379882812 0.120422363 0.916992188
vn 0.552246094 0.112487793 0.826171875
vn 0.703125 0.104125977 0.703125
vn -0.191650391 0.186645508 0.963378906
vn -5.36441803e-07 0.127685547 0.991699219
vn -0.193481445 0.127685547 0.97265625
vn 0.193725586 0.120422363 0.973632812
vn 0.380371094 0.112487793 0.91796875
vn -0.193725586 0.120422363 0.973632812
vn -4.76837158e-07 0.120422363 0.992675781
vn -0.193847656 0.112487793 0.974609375
vn 0.193847656 0.112487793 0.974609375
vn -6.55651093e-07 0.112487793 0.993652344
vn 0.552734375 0.104125977 0.827148438
vn -0.193969727 0.104125977 0.975585938
vn -8.94069672e-07 0.104125977 0.994628906
vn 0.193969727 0.104125977 0.975585938
vn 0.380615234 0.104125977 0.918945312
vn -0.194213867 0.0955200195 0.976074219
vn -8.34465027e-07 0.0955200195 0.995605469
vn 0.194213867 0.0955200195 0.976074219
vn 0.380859375 0.0955200195 0.919433594
vn 0.553222656 0.0955200195 0.827636719
vn -0.194335938 0.086730957 0.977050781
vn -7.74860382e-07 0.086730957 0.99609375
vn 0.194335938 0.086730957 0.977050781
vn 0.381347656 0.086730957 0.920410156
vn -6.55651093e-07 0.0780029297 0.997070312
vn 0.194458008 0.0780029297 0.978027344
vn -5.96046448e-07 0.0694580078 0.997558594
vn 0.194580078 0.0694580078 0.978515625
vn 0.194702148 0.0611572266 0.979003906
vn 0.382080078 0.0611572266 0.922363281
vn 0.381591797 0.0780029297 0.920898438
vn 0.381835938 0.0694580078 0.921875
vn 0.5546875 0.0611572266 0.830078125
vn 0.554199219 0.0694580078 0.829589844
vn 0.705566406 0.0611572266 0.705566406
vn 0.553710938 0.0780029297 0.829101562
vn 0.705566406 0.0694580078 0.705566406
vn 0.830078125 0.0611572266 0.5546875
vn 0.553710938 0.086730957 0.828125
vn 0.705078125 0.0780029297 0.705078125
vn 0.829589844 0.0694580078 0.554199219
vn 0.922363281 0.0611572266 0.382080078
vn 0.704589844 0.086730957 0.704589844
vn 0.829101562 0.0780029297 0.553710938
vn 0.921875 0.0694580078 0.381835938
vn 0.979003906 0.0611572266 0.194702148
vn 0.704101562 0.0955200195 0.704101562
vn 0.828125 0.086730957 0.553710938
vn 0.827636719 0.0955200195 0.553222656
vn 0.920898438 0.0780029297 0.381591797
vn 0.920410156 0.086730957 0.381347656
vn 0.978515625 0.0694580078 0.194580078
vn 0.998046875 0.0611572266 5.96046448e-07
vn 0.977050781 0.086730957 0.194335938
vn 0.978027344 0.0780029297 0.194458008
vn 0.997558594 0.0694580078 6.55651093e-07
vn 0.979003906 0.0611572266 -0.194702148
vn 0.99609375 0.086730957 5.96046448e-07
vn 0.997070312 0.0780029297 6.55651093e-07
vn 0.978515625 0.0694580078 -0.194580078
vn 0.922363281 0.0611572266 -0.382080078
vn 0.977050781 0.086730957 -0.194335938
vn 0.978027344 0.0780029297 -0.194458008
vn 0.921875 0.0694580078 -0.381835938
vn 0.830078125 0.0611572266 -0.5546875
vn 0.920410156 0.086730957 -0.381347656
vn 0.920898438 0.0780029297 -0.381591797
vn 0.829589844 0.0694580078 -0.554199219
vn 0.829101562 0.0780029297 -0.553710938
vn 0.705566406 0.0611572266 -0.705566406
vn 0.705078125 0.0780029297 -0.705078125
vn 0.705566406 0.0694580078 -0.705566406
vn 0.5546875 0.0533447266 -0.830078125
vn 0.554199219 0.0694580078 -0.829589844
vn 0.5546875 0.0611572266 -0.830078125
vn 0.382080078 0.0533447266 -0.922363281
vn 0.382080078 0.0611572266 -0.922363281
vn 0.381835938 0.0694580078 -0.921875
f 1/1/1 3/3/3 2/2/2
f 1/1/1 4/4/4 3/3/3
f 5/5/5 4/4/4 1/1/1
f 4/4/4 6/6/6 3/3/3
f 5/5/5 7/7/7 4/4/4
f 8/8/8 7/7/7 5/5/5
f 4/4/4 9/9/9 6/6/6
f 7/7/7 9/9/9 4/4/4
f 9/9/9 10/10/10 6/6/6
f 8/8/8 11/11/11 7/7/7
f 12/12/12 11/11/11 8/8/8
f 7/7/7 13/13/13 9/9/9
f 11/11/11 13/13/13 7/7/7
f 9/9/9 14/14/14 10/10/10
f 13/13/13 14/14/14 9/9/9
f 14/14/14 15/15/15 10/10/10
f 12/12/12 16/16/16 11/11/11
f 17/17/17 16/16/16 12/12/12
f 11/11/11 18/18/18 13/13/13
f 16/16/16 18/18/18 11/11/11
f 13/13/13 19/19/19 14/14/14
f 18/18/18 19/19/19 13/13/13
f 14/14/14 20/20/20 15/15/15
f 19/19/19 20/20/20 14/14/14
f 20/20/20 21/21/21 15/15/15
f 17/17/17 22/22/22 16/16/16
f 23/23/23 22/22/22 17/17/17
f 16/16/16 24/24/24 18/18/18
f 22/22/22 24/24/24 16/16/16
f 18/18/18 25/25/25 19/19/19
f 24/24/24 25/25/25 18/18/18
f 19/19/19 26/26/26 20/20/20
f 25/25/25 26/26/26 19/19/19
f 20/20/20 27/27/27 21/21/21
f 26/26/26 27/27/27 20/20/20
f 27/27/27 28/28/28 21/21/21
f 23/23/23 29/29/29 22/22/22
f 30/30/30 29/29/29 23/23/23
f 22/22/22 31/31/31 24/24/24
f 29/29/29 31/31/31 22/22/22
f 24/24/24 32/32/32 25/25/25
f 31/31/31 32/32/32 24/24/24
f 25/25/25 33/33/33 26/26/26
f 32/32/32 33/33/33 25/25/25
f 26/26/26 34/34/34 27/27/27
f 33/33/33 34/34/34 26/26/26
f 27/27/27 35/35/35 28/28/28
f 34/34/34 35/35/35 27/27/27
f 35/35/35 36/36/36 28/28/28
f 30/30/30 37/37/37 29/29/29
f 38/38/38 37/37/37 30/30/30
f 29/29/29 39/39/39 31/31/31
f 37/37/37 39/39/39 29/29/29
f 31/31/31 40/40/40 32/32/32
f 39/39/39 40/40/40 31/31/31
f 32/32/32 41/41/41 33/33/33
f 40/40/40 41/41/41 32/32/32
f 33/33/33 42/42/42 34/34/34
f 41/41/41 42/42/42 33/33/33
f 34/34/34 43/43/43 35/35/35
f 42/42/42 43/43/43 34/34/34
f 35/35/35 44/44/44 36/36/36
f 43/43/43 44/44/44 35/35/35
f 44/44/44 45/45/45 36/36/36
f 44/44/44 46/46/46 45/45/45
f 46/46/46 47/47/47 45/45/45
f 43/43/43 48/48/48 44/44/44
f 48/48/48 46/46/46 44/44/44
f 42/42/42 49/49/49 43/43/43
f 49/49/49 48/48/48 43/43/43
f 41/41/41 50/50/50 42/42/42
f 50/50/50 49/49/49 42/42/42
f 40/40/40 51/51/51 41/41/41
f 51/51/51 50/50/50 41/41/41
f 46/46/46 52/52/52 47/47/47
f 52/52/52 53/53/53 47/47/47
f 48/48/48 54/54/54 46/46/46
f 54/54/54 52/52/52 46/46/46
f 49/49/49 55/55/55 48/48/48
f 55/55/55 54/54/54 48/48/48
f 50/50/50 56/56/56 49/49/49
f 56/56/56 55/55/55 49/49/49
f 52/52/52 57/57/57 53/53/53
f 57/57/57 58/58/58 53/53/53
f 54/54/54 59/59/59 52/52/52
f 59/59/59 57/57/57 52/52/52
f 55/55/55 60/60/60 54/54/54
f 60/60/60 59/59/59 54/54/54
f 57/57/57 61/61/61 58/58/58
f 61/61/61 62/62/62 58/58/58
f 59/59/59 63/63/63 57/57/57
f 63/63/63 61/61/61 57/57/57
f 61/61/61 64/64/64 62/62/62
f 64/64/64 65/65/65 62/62/62
f 66/66/66 56/56/56 50/50/50
f 51/51/51 66/66/66 50/50/50
f 56/56/56 67/67/67 55/55/55
f 67/67/67 60/60/60 55/55/55
f 60/60/60 68/68/68 59/59/59
f 68/68/68 63/63/63 59/59/59
f 63/63/63 69/69/69 61/61/61
f 69/69/69 64/64/64 61/61/61
f 64/64/64 70/70/70 65/65/65
f 70/70/70 71/71/71 65/65/65
f 66/66/66 72/72/72 56/56/56
f 72/72/72 67/67/67 56/56/56
f 67/67/67 73/73/73 60/60/60
f 73/73/73 68/68/68 60/60/60
f 68/68/68 74/74/74 63/63/63
f 74/74/74 69/69/69 63/63/63
f 69/69/69 75/75/75 64/64/64
f 75/75/75 70/70/70 64/64/64
f 70/70/70 76/76/76 71/71/71
f 76/76/76 77/77/77 71/71/71
f 72/72/72 78/78/78 67/67/67
f 78/78/78 73/73/73 67/67/67
f 73/73/73 79/79/79 68/68/68
f 79/79/79 74/74/74 68/68/68
f 74/74/74 80/80/80 69/69/69
f 80/80/80 75/75/75 69/69/69
f 75/75/75 81/81/81 70/70/70
f 81/81/81 76/76/76 70/70/70
f 76/76/76 82/82/82 77/77/77
f 82/82/82 83/83/83 77/77/77
f 78/78/78 84/84/84 73/73/73
f 84/84/84 79/79/79 73/73/73
f 79/79/79 85/85/85 74/74/74
f 85/85/85 80/80/80 74/74/74
f 80/80/80 86/86/86 75/75/75
f 86/86/86 81/81/81 75/75/75
f 81/81/81 87/87/87 76/76/76
f 87/87/87 82/82/82 76/76/76
f 82/82/82 88/88/88 83/83/83
f 88/88/88 89/89/89 83/83/83
f 84/84/84 90/90/90 79/79/79
f 90/90/90 85/85/85 79/79/79
f 85/85/85 91/91/91 80/80/80
f 91/91/91 86/86/86 80/80/80
f 86/86/86 92/92/92 81/81/81
f 92/92/92 87/87/87 81/81/81
f 87/87/87 93/93/93 82/82/82
f 93/93/93 88/88/88 82/82/82
f 88/88/88 94/94/94 89/89/89
f 94/94/94 95/95/95 89/89/89
f 90/90/90 96/96/96 85/85/85
f 96/96/96 91/91/91 85/85/85
f 91/91/91 97/97/97 86/86/86
f 97/97/97 92/92/92 86/86/86
f 92/92/92 98/98/98 87/87/87
f 98/98/98 93/93/93 87/87/87
f 93/93/93 99/99/99 88/88/88
f 99/99/99 94/94/94 88/88/88
f 94/94/94 100/100/100 95/95/95
f 100/100/100 101/101/101 95/95/95
f 96/96/96 102/102/102 91/91/91
f 102/102/102 97/97/97 91/91/91
f 97/97/97 103/103/103 92/92/92
f 103/103/103 98/98/98 92/92/92
f 98/98/98 104/104/104 93/93/93
f 104/104/104 99/99/99 93/93/93
f 99/99/99 105/105/105 94/94/94
f 105/105/105 100/100/100 94/94/94
f 100/100/100 106/106/106 101/101/101
f 106/106/106 107/107/107 101/101/101
f 102/102/102 108/108/108 97/97/97
f 108/108/108 103/103/103 97/97/97
f 103/103/103 109/109/109 98/98/98
f 109/109/109 104/104/104 98/98/98
f 104/104/104 110/110/110 99/99/99
f 110/110/110 105/105/105 99/99/99
f 105/105/105 111/111/111 100/100/100
f 111/111/111 106/106/106 100/100/100
f 106/106/106 112/112/112 107/107/107
f 112/112/112 113/113/113 107/107/107
f 108/108/108 114/114/114 103/103/103
f 114/114/114 109/109/109 103/103/103
f 109/109/109 115/115/115 104/104/104
f 115/115/115 110/110/110 104/104/104
f 110/110/110 116/116/116 105/105/105
f 116/116/116 111/111/111 105/105/105
f 111/111/111 117/117/117 106/106/106
f 117/117/117 112/112/112 106/106/106
f 112/112/112 118/118/118 113/113/113
f 118/118/118 119/119/119 113/113/113
f 114/114/114 120/120/120 109/109/109
f 120/120/120 115/115/115 109/109/109
f 115/115/115 121/121/121 110/110/110
f 121/121/121 116/116/116 110/110/110
f 116/116/116 122/122/122 111/111/111
f 122/122/122 117/117/117 111/111/111
f 117/117/117 123/123/123 112/112/112
f 123/123/123 118/118/118 112/112/112
f 118/118/118 124/124/124 119/119/119
f 124/124/124 125/125/125 119/119/119
f 120/120/120 126/126/126 115/115/115
f 126/126/126 121/121/121 115/115/115
f 121/121/121 127/127/127 116/116/116
f 127/127/127 122/122/122 116/116/116
f 122/122/122 128/128/128 117/117/117
f 128/128/128 123/123/123 117/117/117
f 123/123/123 129/129/129 118/118/118
f 129/129/129 124/124/124 118/118/118
f 124/124/124 130/130/130 125/125/125
f 130/130/130 131/131/131 125/125/125
f 126/126/126 132/132/132 121/121/121
f 132/132/132 127/127/127 121/121/121
f 127/127/127 133/133/133 122/122/122
f 133/133/133 128/128/128 122/122/122
f 128/128/128 134/134/134 123/123/123
f 134/134/134 129/129/129 123/123/123
f 129/129/129 135/135/135 124/124/124
f 135/135/135 130/130/130 124/124/124
f 130/130/130 136/136/136 131/131/131
f 136/136/136 137/137/137 131/131/131
f 132/132/132 138/138/138 127/127/127
f 138/138/138 133/133/133 127/127/127
f 133/133/133 139/139/139 128/128/128
f 139/139/139 134/134/134 128/128/128
f 134/134/134 140/140/140 129/129/129
f 140/140/140 135/135/135 129/129/129
f 135/135/135 141/141/141 130/130/130
f 141/141/141 136/136/136 130/130/130
f 136/136/136 142/142/142 137/137/137
f 142/142/142 143/143/143 137/137/137
f 138/138/138 144/144/144 133/133/133
f 144/144/144 139/139/139 133/133/133
f 139/139/139 145/145/145 134/134/134
f 145/145/145 140/140/140 134/134/134
f 140/140/140 146/146/146 135/135/135
f 146/146/146 141/141/141 135/135/135
f 141/141/141 147/147/147 136/136/136
f 147/147/147 142/142/142 136/136/136
f 142/142/142 148/148/148 143/143/143
f 148/148/148 149/149/149 143/143/143
f 144/144/144 150/150/150 139/139/139
f 150/150/150 145/145/145 139/139/139
f 145/145/145 151/151/151 140/140/140
f 151/151/151 146/146/146 140/140/140
f 146/146/146 152/152/152 141/141/141
f 152/152/152 147/147/147 141/141/141
f 147/147/147 153/153/153 142/142/142
f 153/153/153 148/148/148 142/142/142
f 148/148/148 154/154/154 149/149/149
f 154/154/154 155/155/155 149/149/149
f 150/150/150 156/156/156 145/145/145
f 156/156/156 151/151/151 145/145/145
f 151/151/151 157/157/157 146/146/146
f 157/157/157 152/152/152 146/146/146
f 152/152/152 158/158/158 147/147/147
f 158/158/158 153/153/153 147/147/147
f 153/153/153 159/159/159 148/148/148
f 159/159/159 154/154/154 148/148/148
f 154/154/154 160/160/160 155/155/155
f 160/160/160 161/161/161 155/155/155
f 156/156/156 162/162/162 151/151/151
f 162/162/162 157/157/157 151/151/151
f 157/157/157 163/163/163 152/152/152
f 163/163/163 158/158/158 152/152/152
f 158/158/158 164/164/164 153/153/153
f 164/164/164 159/159/159 153/153/153
f 159/159/159 165/165/165 154/154/154
f 165/165/165 160/160/160 154/154/154
f 160/160/160 166/166/166 161/161/161
f 166/166/166 167/167/167 161/161/161
f 162/162/162 168/168/168 157/157/157
f 168/168/168 163/163/163 157/157/157
f 163/163/163 169/169/169 158/158/158
f 169/169/169 164/164/164 158/158/158
f 164/164/164 170/170/170 159/159/159
f 170/170/170 165/165/165 159/159/159
f 165/165/165 171/171/171 160/160/160
f 171/171/171 166/166/166 160/160/160
f 166/166/166 172/172/172 167/167/167
f 172/172/172 173/173/173 167/167/167
f 168/168/168 174/174/174 163/163/163
f 174/174/174 169/169/169 163/163/163
f 169/169/169 175/175/175 164/164/164
f 175/175/175 170/170/170 164/164/164
f 170/170/170 176/176/176 165/165/165
f 176/176/176 171/171/171 165/165/165
f 171/171/171 177/177/177 166/166/166
f 177/177/177 172/172/172 166/166/166
f 172/172/172 178/178/178 173/173/173
f 178/178/178 179/179/179 173/173/173
f 178/178/178 180/180/180 179/179/179
f 181/181/181 178/178/178 172/172/172
f 177/177/177 181/181/181 172/172/172
f 182/182/182 180/180/180 178/178/178
f 181/181/181 182/182/182 178/178/178
f 182/182/182 183/183/183 180/180/180
f 184/184/184 177/177/177 171/171/171
f 176/176/176 184/184/184 171/171/171
f 185/185/185 176/176/176 170/170/170
f 175/175/175 185/185/185 170/170/170
f 186/186/186 181/181/181 177/177/177
f 184/184/184 186/186/186 177/177/177
f 187/187/187 182/182/182 181/181/181
f 186/186/186 187/187/187 181/181/181
f 188/188/188 183/183/183 182/182/182
f 187/187/187 188/188/188 182/182/182
f 188/188/188 189/189/189 183/183/183
f 190/190/190 184/184/184 176/176/176
f 185/185/185 190/190/190 176/176/176
f 191/191/191 186/186/186 184/184/184
f 190/190/190 191/191/191 184/184/184
f 192/192/192 187/187/187 186/186/186
f 191/191/191 192/192/192 186/186/186
f 193/193/193 188/188/188 187/187/187
f 192/192/192 193/193/193 187/187/187
f 194/194/194 189/189/189 188/188/188
f 193/193/193 194/194/194 188/188/188
f 194/194/194 195/195/195 189/189/189
f 196/196/196 195/195/195 194/194/194
f 196/196/196 197/197/197 195/195/195
f 198/198/198 194/194/194 193/193/193
f 198/198/198 196/196/196 194/194/194
f 199/199/199 193/193/193 192/192/192
f 199/199/199 198/198/198 193/193/193
f 200/200/200 192/192/192 191/191/191
f 200/200/200 199/199/199 192/192/192
f 201/201/201 191/191/191 190/190/190
f 201/201/201 200/200/200 191/191/191
f 202/202/202 197/197/197 196/196/196
f 202/202/202 203/203/203 197/197/197
f 204/204/204 196/196/196 198/198/198
f 204/204/204 202/202/202 196/196/196
f 205/205/205 198/198/198 199/199/199
f 205/205/205 204/204/204 198/198/198
f 206/206/206 199/199/199 200/200/200
f 206/206/206 205/205/205 199/199/199
f 207/207/207 203/203/203 202/202/202
f 207/207/207 208/208/208 203/203/203
f 209/209/209 202/202/202 204/204/204
f 209/209/209 207/207/207 202/202/202
f 210/210/210 204/204/204 205/205/205
f 210/210/210 209/209/209 204/204/204
f 211/211/211 208/208/208 207/207/207
f 211/211/211 212/212/212 208/208/208
f 213/213/213 207/207/207 209/209/209
f 213/213/213 211/211/211 207/207/207
f 214/214/214 212/212/212 211/211/211
f 214/214/214 215/215/215 212/212/212
f 216/216/216 206/206/206 200/200/200
f 216/216/216 200/200/200 201/201/201
f 217/217/217 205/205/205 206/206/206
f 217/217/217 210/210/210 205/205/205
f 218/218/218 209/209/209 210/210/210
f 218/218/218 213/213/213 209/209/209
f 219/219/219 211/211/211 213/213/213
f 219/219/219 214/214/214 211/211/211
f 220/220/220 215/215/215 214/214/214
f 220/220/220 221/221/221 215/215/215
f 222/222/222 206/206/206 216/216/216
f 222/222/222 217/217/217 206/206/206
f 223/223/223 210/210/210 217/217/217
f 223/223/223 218/218/218 210/210/210
f 224/224/224 213/213/213 218/218/218
f 224/224/224 219/219/219 213/213/213
f 225/225/225 214/214/214 219/219/219
f 225/225/225 220/220/220 214/214/214
f 226/226/226 221/221/221 220/220/220
f 226/226/226 227/227/227 221/221/221
f 228/228/228 217/217/217 222/222/222
f 228/228/228 223/223/223 217/217/217
f 229/229/229 218/218/218 223/223/223
f 229/229/229 224/224/224 218/218/218
f 230/230/230 219/219/219 224/224/224
f 230/230/230 225/225/225 219/219/219
f 231/231/231 220/220/220 225/225/225
f 231/231/231 226/226/226 220/220/220
f 232/232/232 227/227/227 226/226/226
f 232/232/232 233/233/233 227/227/227
f 234/234/234 223/223/223 228/228/228
f 234/234/234 229/229/229 223/223/223
f 235/235/235 224/224/224 229/229/229
f 235/235/235 230/230/230 224/224/224
f 236/236/236 225/225/225 230/230/230
f 236/236/236 231/231/231 225/225/225
f 237/237/237 226/226/226 231/231/231
f 237/237/237 232/232/232 226/226/226
f 238/238/238 233/233/233 232/232/232
f 238/238/238 239/239/239 233/233/233
f 240/240/240 229/229/229 234/234/234
f 240/240/240 235/235/235 229/229/229
f 241/241/241 230/230/230 235/235/235
f 241/241/241 236/236/236 230/230/230
f 242/242/242 231/231/231 236/236/236
f 242/242/242 237/237/237 231/231/231
f 243/243/243 232/232/232 237/237/237
f 243/243/243 238/238/238 232/232/232
f 244/244/244 239/239/239 238/238/238
f 244/244/244 245/245/245 239/239/239
f 246/246/246 235/235/235 240/240/240
f 246/246/246 241/241/241 235/235/235
f 247/247/247 236/236/236 241/241/241
f 247/247/247 242/242/242 236/236/236
f 248/248/248 237/237/237 242/242/242
f 248/248/248 243/243/243 237/237/237
f 249/249/249 238/238/238 243/243/243
f 249/249/249 244/244/244 238/238/238
f 250/250/250 245/245/245 244/244/244
f 250/250/250 251/251/251 245/245/245
f 252/252/252 241/241/241 246/246/246
f 252/252/252 247/247/247 241/241/241
f 253/253/253 242/242/242 247/247/247
f 253/253/253 248/248/248 242/242/242
f 254/254/254 243/243/243 248/248/248
f 254/254/254 249/249/249 243/243/243
f 255/255/255 244/244/244 249/249/249
f 255/255/255 250/250/250 244/244/244
f 256/256/256 251/251/251 250/250/250
f 256/256/256 257/257/257 251/251/251
f 258/258/258 247/247/247 252/252/252
f 258/258/258 253/253/253 247/247/247
f 259/259/259 248/248/248 253/253/253
f 259/259/259 254/254/254 248/248/248
f 260/260/260 249/249/249 254/254/254
f 260/260/260 255/255/255 249/249/249
f 261/261/261 250/250/250 255/255/255
f 261/261/261 256/256/256 250/250/250
f 262/262/262 257/257/257 256/256/256
f 262/262/262 263/263/263 257/257/257
f 264/264/264 253/253/253 258/258/258
f 264/264/264 259/259/259 253/253/253
f 265/265/265 254/254/254 259/259/259
f 265/265/265 260/260/260 254/254/254
f 266/266/266 255/255/255 260/260/260
f 266/266/266 261/261/261 255/255/255
f 267/267/267 256/256/256 261/261/261
f 267/267/267 262/262/262 256/256/256
f 268/268/268 263/263/263 262/262/262
f 268/268/268 269/269/269 263/263/263
f 270/270/270 259/259/259 264/264/264
f 270/270/270 265/265/265 259/259/259
f 271/271/271 260/260/260 265/265/265
f 271/271/271 266/266/266 260/260/260
f 272/272/272 261/261/261 266/266/266
f 272/272/272 267/267/267 261/261/261
f 273/273/273 262/262/262 267/267/267
f 273/273/273 268/268/268 262/262/262
f 274/274/274 269/269/269 268/268/268
f 274/274/274 275/275/275 269/269/269
f 276/276/276 265/265/265 270/270/270
f 276/276/276 271/271/271 265/265/265
f 277/277/277 266/266/266 271/271/271
f 277/277/277 272/272/272 266/266/266
f 278/278/278 267/267/267 272/272/272
f 278/278/278 273/273/273 267/267/267
f 279/279/279 268/268/268 273/273/273
f 279/279/279 274/274/274 268/268/268
f 280/280/280 275/275/275 274/274/274
f 280/280/280 281/281/281 275/275/275
f 282/282/282 271/271/271 276/276/276
f 282/282/282 277/277/277 271/271/271
f 283/283/283 272/272/272 277/277/277
f 283/283/283 278/278/278 272/272/272
f 284/284/284 273/273/273 278/278/278
f 284/284/284 279/279/279 273/273/273
f 285/285/285 274/274/274 279/279/279
f 285/285/285 280/280/280 274/274/274
f 286/286/286 281/281/281 280/280/280
f 286/286/286 287/287/287 281/281/281
f 288/288/288 277/277/277 282/282/282
f 288/288/288 283/283/283 277/277/277
f 289/289/289 278/278/278 283/283/283
f 289/289/289 284/284/284 278/278/278
f 290/290/290 279/279/279 284/284/284
f 290/290/290 285/285/285 279/279/279
f 291/291/291 280/280/280 285/285/285
f 291/291/291 286/286/286 280/280/280
f 292/292/292 287/287/287 286/286/286
f 292/292/292 293/293/293 287/287/287
f 294/294/294 283/283/283 288/288/288
f 294/294/294 289/289/289 283/283/283
f 295/295/295 284/284/284 289/289/289
f 295/295/295 290/290/290 284/284/284
f 296/296/296 285/285/285 290/290/290
f 296/296/296 291/291/291 285/285/285
f 297/297/297 286/286/286 291/291/291
f 297/297/297 292/292/292 286/286/286
f 298/298/298 293/293/293 292/292/292
f 298/298/298 299/299/299 293/293/293
f 300/300/300 289/289/289 294/294/294
f 300/300/300 295/295/295 289/289/289
f 301/301/301 290/290/290 295/295/295
f 301/301/301 296/296/296 290/290/290
f 302/302/302 291/291/291 296/296/296
f 302/302/302 297/297/297 291/291/291
f 303/303/303 292/292/292 297/297/297
f 303/303/303 298/298/298 292/292/292
f 304/304/304 299/299/299 298/298/298
f 304/304/304 305/305/305 299/299/299
f 306/306/306 305/305/305 304/304/304
f 306/306/306 304/304/304 307/307/307
f 304/304/304 308/308/308 307/307/307
f 309/309/309 304/304/304 298/298/298
f 304/304/304 309/309/309 308/308/308
f 309/309/309 298/298/298 303/303/303
f 309/309/309 310/310/310 308/308/308
f 309/309/309 311/311/311 310/310/310
f 311/311/311 309/309/309 303/303/303
f 311/311/311 312/312/312 310/310/310
f 313/313/313 303/303/303 297/297/297
f 311/311/311 303/303/303 313/313/313
f 313/313/313 297/297/297 302/302/302
f 311/311/311 314/314/314 312/312/312
f 314/314/314 311/311/311 313/313/313
f 314/314/314 315/315/315 312/312/312
f 316/316/316 313/313/313 302/302/302
f 314/314/314 313/313/313 316/316/316
f 314/314/314 317/317/317 315/315/315
f 317/317/317 314/314/314 316/316/316
f 317/317/317 318/318/318 315/315/315
f 316/316/316 302/302/302 319/319/319
f 319/319/319 302/302/302 296/296/296
f 319/319/319 296/296/296 301/301/301
f 317/317/317 316/316/316 320/320/320
f 320/320/320 316/316/316 319/319/319
f 317/317/317 321/321/321 318/318/318
f 321/321/321 317/317/317 320/320/320
f 321/321/321 322/322/322 318/318/318
f 323/323/323 319/319/319 301/301/301
f 320/320/320 319/319/319 323/323/323
f 321/321/321 320/320/320 324/324/324
f 324/324/324 320/320/320 323/323/323
f 321/321/321 325/325/325 322/322/322
f 325/325/325 321/321/321 324/324/324
f 325/325/325 326/326/326 322/322/322
f 323/323/323 301/301/301 327/327/327
f 327/327/327 301/301/301 295/295/295
f 327/327/327 295/295/295 300/300/300
f 324/324/324 323/323/323 328/328/328
f 328/328/328 323/323/323 327/327/327
f 325/325/325 324/324/324 329/329/329
f 329/329/329 324/324/324 328/328/328
f 325/325/325 330/330/330 326/326/326
f 330/330/330 325/325/325 329/329/329
f 330/330/330 331/331/331 326/326/326
f 332/332/332 327/327/327 300/300/300
f 328/328/328 327/327/327 332/332/332
f 329/329/329 328/328/328 333/333/333
f 333/333/333 328/328/328 332/332/332
f 330/330/330 329/329/329 334/334/334
f 334/334/334 329/329/329 333/333/333
f 330/330/330 335/335/335 331/331/331
f 335/335/335 330/330/330 334/334/334
f 335/335/335 336/336/336 331/331/331
f 332/332/332 300/300/300 337/337/337
f 337/337/337 300/300/300 294/294/294
f 333/333/333 332/332/332 338/338/338
f 338/338/338 332/332/332 337/337/337
f 334/334/334 333/333/333 339/339/339
f 339/339/339 333/333/333 338/338/338
f 335/335/335 334/334/334 340/340/340
f 340/340/340 334/334/334 339/339/339
f 335/335/335 341/341/341 336/336/336
f 341/341/341 335/335/335 340/340/340
f 341/341/341 342/342/342 336/336/336
f 337/337/337 294/294/294 343/343/343
f 343/343/343 294/294/294 288/288/288
f 338/338/338 337/337/337 344/344/344
f 344/344/344 337/337/337 343/343/343
f 339/339/339 338/338/338 345/345/345
f 345/345/345 338/338/338 344/344/344
f 340/340/340 339/339/339 346/346/346
f 346/346/346 339/339/339 345/345/345
f 341/341/341 340/340/340 347/347/347
f 347/347/347 340/340/340 346/346/346
f 341/341/341 348/348/348 342/342/342
f 348/348/348 341/341/341 347/347/347
f 348/348/348 349/349/349 342/342/342
f 343/343/343 288/288/288 350/350/350
f 350/350/350 288/288/288 282/282/282
f 344/344/344 343/343/343 351/351/351
f 351/351/351 343/343/343 350/350/350
f 345/345/345 344/344/344 352/352/352
f 352/352/352 344/344/344 351/351/351
f 346/346/346 345/345/345 353/353/353
f 353/353/353 345/345/345 352/352/352
f 347/347/347 346/346/346 354/354/354
f 354/354/354 346/346/346 353/353/353
f 348/348/348 347/347/347 355/355/355
f 355/355/355 347/347/347 354/354/354
f 348/348/348 356/356/356 349/349/349
f 356/356/356 348/348/348 355/355/355
f 356/356/356 357/357/357 349/349/349
f 356/356/356 358/358/358 357/357/357
f 358/358/358 359/359/359 357/357/357
f 356/356/356 355/355/355 360/360/360
f 358/358/358 356/356/356 360/360/360
f 355/355/355 354/354/354 361/361/361
f 360/360/360 355/355/355 361/361/361
f 354/354/354 353/353/353 362/362/362
f 361/361/361 354/354/354 362/362/362
f 353/353/353 352/352/352 363/363/363
f 362/362/362 353/353/353 363/363/363
f 358/358/358 364/364/364 359/359/359
f 364/364/364 365/365/365 359/359/359
f 358/358/358 360/360/360 366/366/366
f 364/364/364 358/358/358 366/366/366
f 360/360/360 361/361/361 367/367/367
f 366/366/366 360/360/360 367/367/367
f 361/361/361 362/362/362 368/368/368
f 367/367/367 361/361/361 368/368/368
f 364/364/364 369/369/369 365/365/365
f 369/369/369 370/370/370 365/365/365
f 364/364/364 366/366/366 371/371/371
f 369/369/369 364/364/364 371/371/371
f 366/366/366 367/367/367 372/372/372
f 371/371/371 366/366/366 372/372/372
f 369/369/369 373/373/373 370/370/370
f 373/373/373 374/374/374 370/370/370
f 369/369/369 371/371/371 375/375/375
f 373/373/373 369/369/369 375/375/375
f 373/373/373 376/376/376 374/374/374
f 376/376/376 377/377/377 374/374/374
f 368/368/368 362/362/362 378/378/378
f 362/362/362 363/363/363 378/378/378
f 367/367/367 368/368/368 379/379/379
f 372/372/372 367/367/367 379/379/379
f 371/371/371 372/372/372 380/380/380
f 375/375/375 371/371/371 380/380/380
f 373/373/373 375/375/375 381/381/381
f 376/376/376 373/373/373 381/381/381
f 376/376/376 382/382/382 377/377/377
f 382/382/382 383/383/383 377/377/377
f 368/368/368 378/378/378 384/384/384
f 379/379/379 368/368/368 384/384/384
f 372/372/372 379/379/379 385/385/385
f 380/380/380 372/372/372 385/385/385
f 375/375/375 380/380/380 386/386/386
f 381/381/381 375/375/375 386/386/386
f 376/376/376 381/381/381 387/387/387
f 382/382/382 376/376/376 387/387/387
f 382/382/382 388/388/388 383/383/383
f 388/388/388 389/389/389 383/383/383
f 379/379/379 384/384/384 390/390/390
f 385/385/385 379/379/379 390/390/390
f 380/380/380 385/385/385 391/391/391
f 386/386/386 380/380/380 391/391/391
f 381/381/381 386/386/386 392/392/392
f 387/387/387 381/381/381 392/392/392
f 382/382/382 387/387/387 393/393/393
f 388/388/388 382/382/382 393/393/393
f 388/388/388 394/394/394 389/389/389
f 394/394/394 395/395/395 389/389/389
f 385/385/385 390/390/390 396/396/396
f 391/391/391 385/385/385 396/396/396
f 386/386/386 391/391/391 397/397/397
f 392/392/392 386/386/386 397/397/397
f 387/387/387 392/392/392 398/398/398
f 393/393/393 387/387/387 398/398/398
f 388/388/388 393/393/393 399/399/399
f 394/394/394 388/388/388 399/399/399
f 394/394/394 400/400/400 395/395/395
f 400/400/400 401/401/401 395/395/395
f 391/391/391 396/396/396 402/402/402
f 397/397/397 391/391/391 402/402/402
f 392/392/392 397/397/397 403/403/403
f 398/398/398 392/392/392 403/403/403
f 393/393/393 398/398/398 404/404/404
f 399/399/399 393/393/393 404/404/404
f 394/394/394 399/399/399 405/405/405
f 400/400/400 394/394/394 405/405/405
f 400/400/400 406/406/406 401/401/401
f 406/406/406 407/407/407 401/401/401
f 397/397/397 402/402/402 408/408/408
f 403/403/403 397/397/397 408/408/408
f 398/398/398 403/403/403 409/409/409
f 404/404/404 398/398/398 409/409/409
f 399/399/399 404/404/404 410/410/410
f 405/405/405 399/399/399 410/410/410
f 400/400/400 405/405/405 411/411/411
f 406/406/406 400/400/400 411/411/411
f 406/406/406 412/412/412 407/407/407
f 412/412/412 413/413/413 407/407/407
f 403/403/403 408/408/408 414/414/414
f 409/409/409 403/403/403 414/414/414
f 404/404/404 409/409/409 415/415/415
f 410/410/410 404/404/404 415/415/415
f 405/405/405 410/410/410 416/416/416
f 411/411/411 405/405/405 416/416/416
f 406/406/406 411/411/411 417/417/417
f 412/412/412 406/406/406 417/417/417
f 412/412/412 418/418/418 413/413/413
f 418/418/418 419/419/419 413/413/413
f 409/409/409 414/414/414 420/420/420
f 415/415/415 409/409/409 420/420/420
f 410/410/410 415/415/415 421/421/421
f 416/416/416 410/410/410 421/421/421
f 411/411/411 416/416/416 422/422/422
f 417/417/417 411/411/411 422/422/422
f 412/412/412 417/417/417 423/423/423
f 418/418/418 412/412/412 423/423/423
f 418/418/418 424/424/424 419/419/419
f 424/424/424 425/425/425 419/419/419
f 415/415/415 420/420/420 426/426/426
f 421/421/421 415/415/415 426/426/426
f 416/416/416 421/421/421 427/427/427
f 422/422/422 416/416/416 427/427/427
f 417/417/417 422/422/422 428/428/428
f 423/423/423 417/417/417 428/428/428
f 418/418/418 423/423/423 429/429/429
f 424/424/424 418/418/418 429/429/429
f 424/424/424 430/430/430 425/425/425
f 430/430/430 431/431/431 425/425/425
f 421/421/421 426/426/426 432/432/432
f 427/427/427 421/421/421 432/432/432
f 422/422/422 427/427/427 433/433/433
f 428/428/428 422/422/422 433/433/433
f 423/423/423 428/428/428 434/434/434
f 429/429/429 423/423/423 434/434/434
f 424/424/424 429/429/429 435/435/435
f 430/430/430 424/424/424 435/435/435
f 430/430/430 436/436/436 431/431/431
f 436/436/436 437/437/437 431/431/431
f 427/427/427 432/432/432 438/438/438
f 433/433/433 427/427/427 438/438/438
f 428/428/428 433/433/433 439/439/439
f 434/434/434 428/428/428 439/439/439
f 429/429/429 434/434/434 440/440/440
f 435/435/435 429/429/429 440/440/440
f 430/430/430 435/435/435 441/441/441
f 436/436/436 430/430/430 441/441/441
f 436/436/436 442/442/442 437/437/437
f 442/442/442 443/443/443 437/437/437
f 433/433/433 438/438/438 444/444/444
f 439/439/439 433/433/433 444/444/444
f 434/434/434 439/439/439 445/445/445
f 440/440/440 434/434/434 445/445/445
f 435/435/435 440/440/440 446/446/446
f 441/441/441 435/435/435 446/446/446
f 436/436/436 441/441/441 447/447/447
f 442/442/442 436/436/436 447/447/447
f 442/442/442 448/448/448 443/443/443
f 448/448/448 449/449/449 443/443/443
f 439/439/439 444/444/444 450/450/450
f 445/445/445 439/439/439 450/450/450
f 440/440/440 445/445/445 451/451/451
f 446/446/446 440/440/440 451/451/451
f 441/441/441 446/446/446 452/452/452
f 447/447/447 441/441/441 452/452/452
f 442/442/442 447/447/447 453/453/453
f 448/448/448 442/442/442 453/453/453
f 448/448/448 454/454/454 449/449/449
f 454/454/454 455/455/455 449/449/449
f 445/445/445 450/450/450 456/456/456
f 451/451/451 445/445/445 456/456/456
f 446/446/446 451/451/451 457/457/457
f 452/452/452 446/446/446 457/457/457
f 447/447/447 452/452/452 458/458/458
f 453/453/453 447/447/447 458/458/458
f 448/448/448 453/453/453 459/459/459
f 454/454/454 448/448/448 459/459/459
f 454/454/454 460/460/460 455/455/455
f 460/460/460 461/461/461 455/455/455
f 460/460/460 462/462/462 461/461/461
f 460/460/460 454/454/454 463/463/463
f 454/454/454 459/459/459 463/463/463
f 462/462/462 460/460/460 464/464/464
f 460/460/460 463/463/463 464/464/464
f 462/462/462 464/464/464 465/465/465
f 459/459/459 453/453/453 466/466/466
f 453/453/453 458/458/458 466/466/466
f 458/458/458 452/452/452 467/467/467
f 452/452/452 457/457/457 467/467/467
f 463/463/463 459/459/459 468/468/468
f 459/459/459 466/466/466 468/468/468
f 465/465/465 464/464/464 469/469/469
f 465/465/465 469/469/469 470/470/470
f 464/464/464 463/463/463 471/471/471
f 463/463/463 468/468/468 471/471/471
f 464/464/464 471/471/471 469/469/469
f 466/466/466 458/458/458 472/472/472
f 458/458/458 467/467/467 472/472/472
f 470/470/470 469/469/469 473/473/473
f 470/470/470 473/473/473 474/474/474
f 468/468/468 466/466/466 475/475/475
f 466/466/466 472/472/472 475/475/475
f 469/469/469 471/471/471 476/476/476
f 469/469/469 476/476/476 473/473/473
f 471/471/471 468/468/468 477/477/477
f 468/468/468 475/475/475 477/477/477
f 471/471/471 477/477/477 476/476/476
f 474/474/474 473/473/473 478/478/478
f 474/474/474 478/478/478 479/479/479
f 473/473/473 476/476/476 480/480/480
f 473/473/473 480/480/480 478/478/478
f 476/476/476 477/477/477 481/481/481
f 476/476/476 481/481/481 480/480/480
f 477/477/477 475/475/475 482/482/482
f 477/477/477 482/482/482 481/481/481
f 475/475/475 472/472/472 483/483/483
f 475/475/475 483/483/483 482/482/482
f 479/479/479 478/478/478 484/484/484
f 479/479/479 484/484/484 485/485/485
f 478/478/478 480/480/480 486/486/486
f 478/478/478 486/486/486 484/484/484
f 480/480/480 481/481/481 487/487/487
f 480/480/480 487/487/487 486/486/486
f 481/481/481 482/482/482 488/488/488
f 481/481/481 488/488/488 487/487/487
f 485/485/485 484/484/484 489/489/489
f 485/485/485 489/489/489 490/490/490
f 484/484/484 486/486/486 491/491/491
f 484/484/484 491/491/491 489/489/489
f 486/486/486 487/487/487 492/492/492
f 486/486/486 492/492/492 491/491/491
f 490/490/490 489/489/489 493/493/493
f 490/490/490 493/493/493 494/494/494
f 489/489/489 491/491/491 495/495/495
f 489/489/489 495/495/495 493/493/493
f 494/494/494 493/493/493 496/496/496
f 494/494/494 496/496/496 497/497/497
f 482/482/482 498/498/498 488/488/488
f 482/482/482 483/483/483 498/498/498
f 487/487/487 488/488/488 499/499/499
f 487/487/487 499/499/499 492/492/492
f 491/491/491 492/492/492 500/500/500
f 491/491/491 500/500/500 495/495/495
f 493/493/493 495/495/495 501/501/501
f 493/493/493 501/501/501 496/496/496
f 497/497/497 496/496/496 502/502/502
f 497/497/497 502/502/502 503/503/503
f 488/488/488 498/498/498 504/504/504
f 488/488/488 504/504/504 499/499/499
f 492/492/492 499/499/499 505/505/505
f 492/492/492 505/505/505 500/500/500
f 495/495/495 500/500/500 506/506/506
f 495/495/495 506/506/506 501/501/501
f 496/496/496 501/501/501 507/507/507
f 496/496/496 507/507/507 502/502/502
f 503/503/503 502/502/502 508/508/508
f 503/503/503 508/508/508 509/509/509
f 499/499/499 504/504/504 510/510/510
f 499/499/499 510/510/510 505/505/505
f 500/500/500 505/505/505 511/511/511
f 500/500/500 511/511/511 506/506/506
f 501/501/501 506/506/506 512/512/512
f 501/501/501 512/512/512 507/507/507
f 502/502/502 507/507/507 513/513/513
f 502/502/502 513/513/513 508/508/508
f 509/509/509 508/508/508 514/514/514
f 509/509/509 514/514/514 515/515/515
f 505/505/505 510/510/510 516/516/516
f 505/505/505 516/516/516 511/511/511
f 506/506/506 511/511/511 517/517/517
f 506/506/506 517/517/517 512/512/512
f 507/507/507 512/512/512 518/518/518
f 507/507/507 518/518/518 513/513/513
f 508/508/508 513/513/513 519/519/519
f 508/508/508 519/519/519 514/514/514
f 515/515/515 514/514/514 520/520/520
f 515/515/515 520/520/520 521/521/521
f 511/511/511 516/516/516 522/522/522
f 511/511/511 522/522/522 517/517/517
f 512/512/512 517/517/517 523/523/523
f 512/512/512 523/523/523 518/518/518
f 513/513/513 518/518/518 524/524/524
f 513/513/513 524/524/524 519/519/519
f 514/514/514 519/519/519 525/525/525
f 514/514/514 525/525/525 520/520/520
f 521/521/521 520/520/520 526/526/526
f 521/521/521 526/526/526 527/527/527
f 517/517/517 522/522/522 528/528/528
f 517/517/517 528/528/528 523/523/523
f 518/518/518 523/523/523 529/529/529
f 518/518/518 529/529/529 524/524/524
f 519/519/519 524/524/524 530/530/530
f 519/519/519 530/530/530 525/525/525
f 520/520/520 525/525/525 531/531/531
f 520/520/520 531/531/531 526/526/526
f 527/527/527 526/526/526 532/532/532
f 527/527/527 532/532/532 533/533/533
f 523/523/523 528/528/528 534/534/534
f 523/523/523 534/534/534 529/529/529
f 524/524/524 529/529/529 535/535/535
f 524/524/524 535/535/535 530/530/530
f 525/525/525 530/530/530 536/536/536
f 525/525/525 536/536/536 531/531/531
f 526/526/526 531/531/531 537/537/537
f 526/526/526 537/537/537 532/532/532
f 533/533/533 532/532/532 538/538/538
f 533/533/533 538/538/538 539/539/539
f 529/529/529 534/534/534 540/540/540
f 529/529/529 540/540/540 535/535/535
f 530/530/530 535/535/535 541/541/541
f 530/530/530 541/541/541 536/536/536
f 531/531/531 536/536/536 542/542/542
f 531/531/531 542/542/542 537/537/537
f 532/532/532 537/537/537 543/543/543
f 532/532/532 543/543/543 538/538/538
f 539/539/539 538/538/538 544/544/544
f 539/539/539 544/544/544 38/38/38
f 38/38/38 544/544/544 37/37/37
f 538/538/538 545/545/545 544/544/544
f 538/538/538 543/543/543 545/545/545
f 544/544/544 546/546/546 37/37/37
f 544/544/544 545/545/545 546/546/546
f 37/37/37 546/546/546 39/39/39
f 537/537/537 547/547/547 543/543/543
f 537/537/537 542/542/542 547/547/547
f 536/536/536 548/548/548 542/542/542
f 536/536/536 541/541/541 548/548/548
f 543/543/543 549/549/549 545/545/545
f 543/543/543 547/547/547 549/549/549
f 546/546/546 550/550/550 39/39/39
f 39/39/39 550/550/550 40/40/40
f 550/550/550 51/51/51 40/40/40
f 545/545/545 551/551/551 546/546/546
f 546/546/546 551/551/551 550/550/550
f 545/545/545 549/549/549 551/551/551
f 550/550/550 552/552/552 51/51/51
f 551/551/551 552/552/552 550/550/550
f 552/552/552 66/66/66 51/51/51
f 542/542/542 553/553/553 547/547/547
f 542/542/542 548/548/548 553/553/553
f 547/547/547 554/554/554 549/549/549
f 547/547/547 553/553/553 554/554/554
f 549/549/549 555/555/555 551/551/551
f 551/551/551 555/555/555 552/552/552
f 549/549/549 554/554/554 555/555/555
f 552/552/552 556/556/556 66/66/66
f 555/555/555 556/556/556 552/552/552
f 556/556/556 72/72/72 66/66/66
f 554/554/554 557/557/557 555/555/555
f 555/555/555 557/557/557 556/556/556
f 556/556/556 558/558/558 72/72/72
f 557/557/557 558/558/558 556/556/556
f 558/558/558 78/78/78 72/72/72
f 553/553/553 559/559/559 554/554/554
f 554/554/554 559/559/559 557/557/557
f 548/548/548 560/560/560 553/553/553
f 553/553/553 560/560/560 559/559/559
f 557/557/557 561/561/561 558/558/558
f 559/559/559 561/561/561 557/557/557
f 558/558/558 562/562/562 78/78/78
f 561/561/561 562/562/562 558/558/558
f 562/562/562 84/84/84 78/78/78
f 559/559/559 563/563/563 561/561/561
f 560/560/560 563/563/563 559/559/559
f 548/548/548 564/564/564 560/560/560
f 541/541/541 564/564/564 548/548/548
f 561/561/561 565/565/565 562/562/562
f 563/563/563 565/565/565 561/561/561
f 562/562/562 566/566/566 84/84/84
f 565/565/565 566/566/566 562/562/562
f 566/566/566 90/90/90 84/84/84
f 560/560/560 567/567/567 563/563/563
f 564/564/564 567/567/567 560/560/560
f 541/541/541 568/568/568 564/564/564
f 535/535/535 568/568/568 541/541/541
f 535/535/535 540/540/540 568/568/568
f 563/563/563 569/569/569 565/565/565
f 567/567/567 569/569/569 563/563/563
f 565/565/565 570/570/570 566/566/566
f 569/569/569 570/570/570 565/565/565
f 566/566/566 571/571/571 90/90/90
f 570/570/570 571/571/571 566/566/566
f 571/571/571 96/96/96 90/90/90
f 568/568/568 572/572/572 564/564/564
f 564/564/564 572/572/572 567/567/567
f 540/540/540 573/573/573 568/568/568
f 568/568/568 573/573/573 572/572/572
f 567/567/567 574/574/574 569/569/569
f 572/572/572 574/574/574 567/567/567
f 569/569/569 575/575/575 570/570/570
f 574/574/574 575/575/575 569/569/569
f 570/570/570 576/576/576 571/571/571
f 575/575/575 576/576/576 570/570/570
f 571/571/571 577/577/577 96/96/96
f 576/576/576 577/577/577 571/571/571
f 577/577/577 102/102/102 96/96/96
f 572/572/572 578/578/578 574/574/574
f 573/573/573 578/578/578 572/572/572
f 540/540/540 579/579/579 573/573/573
f 534/534/534 579/579/579 540/540/540
f 574/574/574 580/580/580 575/575/575
f 578/578/578 580/580/580 574/574/574
f 575/575/575 581/581/581 576/576/576
f 580/580/580 581/581/581 575/575/575
f 576/576/576 582/582/582 577/577/577
f 581/581/581 582/582/582 576/576/576
f 577/577/577 583/583/583 102/102/102
f 582/582/582 583/583/583 577/577/577
f 583/583/583 108/108/108 102/102/102
f 573/573/573 584/584/584 578/578/578
f 579/579/579 584/584/584 573/573/573
f 534/534/534 585/585/585 579/579/579
f 528/528/528 585/585/585 534/534/534
f 578/578/578 586/586/586 580/580/580
f 584/584/584 586/586/586 578/578/578
f 580/580/580 587/587/587 581/581/581
f 586/586/586 587/587/587 580/580/580
f 581/581/581 588/588/588 582/582/582
f 587/587/587 588/588/588 581/581/581
f 582/582/582 589/589/589 583/583/583
f 588/588/588 589/589/589 582/582/582
f 583/583/583 590/590/590 108/108/108
f 589/589/589 590/590/590 583/583/583
f 590/590/590 114/114/114 108/108/108
f 590/590/590 591/591/591 114/114/114
f 591/591/591 120/120/120 114/114/114
f 589/589/589 592/592/592 590/590/590
f 592/592/592 591/591/591 590/590/590
f 588/588/588 593/593/593 589/589/589
f 593/593/593 592/592/592 589/589/589
f 587/587/587 594/594/594 588/588/588
f 594/594/594 593/593/593 588/588/588
f 586/586/586 595/595/595 587/587/587
f 595/595/595 594/594/594 587/587/587
f 591/591/591 596/596/596 120/120/120
f 596/596/596 126/126/126 120/120/120
f 592/592/592 597/597/597 591/591/591
f 597/597/597 596/596/596 591/591/591
f 593/593/593 598/598/598 592/592/592
f 598/598/598 597/597/597 592/592/592
f 594/594/594 599/599/599 593/593/593
f 599/599/599 598/598/598 593/593/593
f 596/596/596 600/600/600 126/126/126
f 600/600/600 132/132/132 126/126/126
f 597/597/597 601/601/601 596/596/596
f 601/601/601 600/600/600 596/596/596
f 598/598/598 602/602/602 597/597/597
f 602/602/602 601/601/601 597/597/597
f 600/600/600 603/603/603 132/132/132
f 603/603/603 138/138/138 132/132/132
f 601/601/601 604/604/604 600/600/600
f 604/604/604 603/603/603 600/600/600
f 603/603/603 605/605/605 138/138/138
f 605/605/605 144/144/144 138/138/138
f 606/606/606 599/599/599 594/594/594
f 595/595/595 606/606/606 594/594/594
f 599/599/599 607/607/607 598/598/598
f 607/607/607 602/602/602 598/598/598
f 602/602/602 608/608/608 601/601/601
f 608/608/608 604/604/604 601/601/601
f 604/604/604 609/609/609 603/603/603
f 609/609/609 605/605/605 603/603/603
f 605/605/605 610/610/610 144/144/144
f 610/610/610 150/150/150 144/144/144
f 606/606/606 611/611/611 599/599/599
f 611/611/611 607/607/607 599/599/599
f 607/607/607 612/612/612 602/602/602
f 612/612/612 608/608/608 602/602/602
f 608/608/608 613/613/613 604/604/604
f 613/613/613 609/609/609 604/604/604
f 609/609/609 614/614/614 605/605/605
f 614/614/614 610/610/610 605/605/605
f 610/610/610 615/615/615 150/150/150
f 615/615/615 156/156/156 150/150/150
f 611/611/611 616/616/616 607/607/607
f 616/616/616 612/612/612 607/607/607
f 612/612/612 617/617/617 608/608/608
f 617/617/617 613/613/613 608/608/608
f 613/613/613 618/618/618 609/609/609
f 618/618/618 614/614/614 609/609/609
f 614/614/614 619/619/619 610/610/610
f 619/619/619 615/615/615 610/610/610
f 615/615/615 620/620/620 156/156/156
f 620/620/620 162/162/162 156/156/156
f 616/616/616 621/621/621 612/612/612
f 621/621/621 617/617/617 612/612/612
f 617/617/617 622/622/622 613/613/613
f 622/622/622 618/618/618 613/613/613
f 618/618/618 623/623/623 614/614/614
f 623/623/623 619/619/619 614/614/614
f 619/619/619 624/624/624 615/615/615
f 624/624/624 620/620/620 615/615/615
f 620/620/620 625/625/625 162/162/162
f 625/625/625 168/168/168 162/162/162
f 621/621/621 626/626/626 617/617/617
f 626/626/626 622/622/622 617/617/617
f 622/622/622 627/627/627 618/618/618
f 627/627/627 623/623/623 618/618/618
f 623/623/623 628/628/628 619/619/619
f 628/628/628 624/624/624 619/619/619
f 624/624/624 629/629/629 620/620/620
f 629/629/629 625/625/625 620/620/620
f 625/625/625 630/630/630 168/168/168
f 630/630/630 174/174/174 168/168/168
f 626/626/626 631/631/631 622/622/622
f 631/631/631 627/627/627 622/622/622
f 627/627/627 632/632/632 623/623/623
f 632/632/632 628/628/628 623/623/623
f 628/628/628 633/633/633 624/624/624
f 633/633/633 629/629/629 624/624/624
f 629/629/629 634/634/634 625/625/625
f 634/634/634 630/630/630 625/625/625
f 631/631/631 635/635/635 627/627/627
f 635/635/635 632/632/632 627/627/627
f 632/632/632 636/636/636 628/628/628
f 636/636/636 633/633/633 628/628/628
f 633/633/633 637/637/637 629/629/629
f 637/637/637 634/634/634 629/629/629
f 635/635/635 638/638/638 632/632/632
f 638/638/638 636/636/636 632/632/632
f 636/636/636 639/639/639 633/633/633
f 639/639/639 637/637/637 633/633/633
f 638/638/638 640/640/640 636/636/636
f 640/640/640 639/639/639 636/636/636
f 634/634/634 641/641/641 630/630/630
f 637/637/637 642/642/642 634/634/634
f 642/642/642 641/641/641 634/634/634
f 639/639/639 643/643/643 637/637/637
f 643/643/643 642/642/642 637/637/637
f 640/640/640 644/644/644 639/639/639
f 644/644/644 643/643/643 639/639/639
f 641/641/641 645/645/645 630/630/630
f 630/630/630 645/645/645 174/174/174
f 645/645/645 646/646/646 174/174/174
f 174/174/174 646/646/646 169/169/169
f 646/646/646 175/175/175 169/169/169
f 646/646/646 647/647/647 175/175/175
f 647/647/647 185/185/185 175/175/175
f 645/645/645 648/648/648 646/646/646
f 648/648/648 647/647/647 646/646/646
f 641/641/641 649/649/649 645/645/645
f 649/649/649 648/648/648 645/645/645
f 642/642/642 650/650/650 641/641/641
f 650/650/650 649/649/649 641/641/641
f 643/643/643 651/651/651 642/642/642
f 651/651/651 650/650/650 642/642/642
f 647/647/647 652/652/652 185/185/185
f 652/652/652 190/190/190 185/185/185
f 652/652/652 201/201/201 190/190/190
f 648/648/648 653/653/653 647/647/647
f 653/653/653 652/652/652 647/647/647
f 654/654/654 201/201/201 652/652/652
f 653/653/653 654/654/654 652/652/652
f 654/654/654 216/216/216 201/201/201
f 649/649/649 655/655/655 648/648/648
f 655/655/655 653/653/653 648/648/648
f 650/650/650 656/656/656 649/649/649
f 656/656/656 655/655/655 649/649/649
f 657/657/657 654/654/654 653/653/653
f 655/655/655 657/657/657 653/653/653
f 658/658/658 216/216/216 654/654/654
f 657/657/657 658/658/658 654/654/654
f 658/658/658 222/222/222 216/216/216
f 659/659/659 657/657/657 655/655/655
f 656/656/656 659/659/659 655/655/655
f 660/660/660 656/656/656 650/650/650
f 651/651/651 660/660/660 650/650/650
f 661/661/661 658/658/658 657/657/657
f 659/659/659 661/661/661 657/657/657
f 662/662/662 222/222/222 658/658/658
f 661/661/661 662/662/662 658/658/658
f 662/662/662 228/228/228 222/222/222
f 663/663/663 659/659/659 656/656/656
f 660/660/660 663/663/663 656/656/656
f 664/664/664 661/661/661 659/659/659
f 663/663/663 664/664/664 659/659/659
f 665/665/665 662/662/662 661/661/661
f 664/664/664 665/665/665 661/661/661
f 666/666/666 228/228/228 662/662/662
f 665/665/665 666/666/666 662/662/662
f 666/666/666 234/234/234 228/228/228
f 667/667/667 234/234/234 666/666/666
f 667/667/667 240/240/240 234/234/234
f 668/668/668 666/666/666 665/665/665
f 668/668/668 667/667/667 666/666/666
f 669/669/669 665/665/665 664/664/664
f 669/669/669 668/668/668 665/665/665
f 670/670/670 664/664/664 663/663/663
f 670/670/670 669/669/669 664/664/664
f 671/671/671 663/663/663 660/660/660
f 671/671/671 670/670/670 663/663/663
f 672/672/672 240/240/240 667/667/667
f 672/672/672 246/246/246 240/240/240
f 673/673/673 667/667/667 668/668/668
f 673/673/673 672/672/672 667/667/667
f 674/674/674 668/668/668 669/669/669
f 674/674/674 673/673/673 668/668/668
f 675/675/675 669/669/669 670/670/670
f 675/675/675 674/674/674 669/669/669
f 676/676/676 246/246/246 672/672/672
f 676/676/676 252/252/252 246/246/246
f 677/677/677 672/672/672 673/673/673
f 677/677/677 676/676/676 672/672/672
f 678/678/678 673/673/673 674/674/674
f 678/678/678 677/677/677 673/673/673
f 679/679/679 252/252/252 676/676/676
f 679/679/679 258/258/258 252/252/252
f 680/680/680 676/676/676 677/677/677
f 680/680/680 679/679/679 676/676/676
f 681/681/681 258/258/258 679/679/679
f 681/681/681 264/264/264 258/258/258
f 682/682/682 675/675/675 670/670/670
f 682/682/682 670/670/670 671/671/671
f 683/683/683 674/674/674 675/675/675
f 683/683/683 678/678/678 674/674/674
f 684/684/684 677/677/677 678/678/678
f 684/684/684 680/680/680 677/677/677
f 685/685/685 679/679/679 680/680/680
f 685/685/685 681/681/681 679/679/679
f 686/686/686 264/264/264 681/681/681
f 686/686/686 270/270/270 264/264/264
f 687/687/687 675/675/675 682/682/682
f 687/687/687 683/683/683 675/675/675
f 688/688/688 678/678/678 683/683/683
f 688/688/688 684/684/684 678/678/678
f 689/689/689 680/680/680 684/684/684
f 689/689/689 685/685/685 680/680/680
f 690/690/690 681/681/681 685/685/685
f 690/690/690 686/686/686 681/681/681
f 691/691/691 270/270/270 686/686/686
f 691/691/691 276/276/276 270/270/270
f 692/692/692 683/683/683 687/687/687
f 692/692/692 688/688/688 683/683/683
f 693/693/693 684/684/684 688/688/688
f 693/693/693 689/689/689 684/684/684
f 694/694/694 685/685/685 689/689/689
f 694/694/694 690/690/690 685/685/685
f 695/695/695 686/686/686 690/690/690
f 695/695/695 691/691/691 686/686/686
f 696/696/696 276/276/276 691/691/691
f 696/696/696 282/282/282 276/276/276
f 350/350/350 282/282/282 696/696/696
f 697/697/697 696/696/696 691/691/691
f 697/697/697 691/691/691 695/695/695
f 698/698/698 350/350/350 696/696/696
f 698/698/698 696/696/696 697/697/697
f 351/351/351 350/350/350 698/698/698
f 699/699/699 695/695/695 690/690/690
f 699/699/699 690/690/690 694/694/694
f 700/700/700 694/694/694 689/689/689
f 700/700/700 689/689/689 693/693/693
f 701/701/701 697/697/697 695/695/695
f 701/701/701 695/695/695 699/699/699
f 702/702/702 351/351/351 698/698/698
f 352/352/352 351/351/351 702/702/702
f 363/363/363 352/352/352 702/702/702
f 703/703/703 698/698/698 697/697/697
f 702/702/702 698/698/698 703/703/703
f 703/703/703 697/697/697 701/701/701
f 363/363/363 702/702/702 704/704/704
f 704/704/704 702/702/702 703/703/703
f 378/378/378 363/363/363 704/704/704
f 705/705/705 699/699/699 694/694/694
f 705/705/705 694/694/694 700/700/700
f 706/706/706 703/703/703 701/701/701
f 704/704/704 703/703/703 706/706/706
f 378/378/378 704/704/704 707/707/707
f 707/707/707 704/704/704 706/706/706
f 384/384/384 378/378/378 707/707/707
f 708/708/708 701/701/701 699/699/699
f 706/706/706 701/701/701 708/708/708
f 708/708/708 699/699/699 705/705/705
f 384/384/384 707/707/707 709/709/709
f 390/390/390 384/384/384 709/709/709
f 707/707/707 706/706/706 710/710/710
f 710/710/710 706/706/706 708/708/708
f 709/709/709 707/707/707 710/710/710
f 711/711/711 708/708/708 705/705/705
f 710/710/710 708/708/708 711/711/711
f 712/712/712 705/705/705 700/700/700
f 711/711/711 705/705/705 712/712/712
f 390/390/390 709/709/709 713/713/713
f 396/396/396 390/390/390 713/713/713
f 709/709/709 710/710/710 714/714/714
f 714/714/714 710/710/710 711/711/711
f 713/713/713 709/709/709 714/714/714
f 396/396/396 713/713/713 715/715/715
f 402/402/402 396/396/396 715/715/715
f 714/714/714 711/711/711 716/716/716
f 716/716/716 711/711/711 712/712/712
f 713/713/713 714/714/714 717/717/717
f 715/715/715 713/713/713 717/717/717
f 717/717/717 714/714/714 716/716/716
f 712/712/712 700/700/700 718/718/718
f 718/718/718 700/700/700 693/693/693
f 402/402/402 715/715/715 719/719/719
f 408/408/408 402/402/402 719/719/719
f 715/715/715 717/717/717 720/720/720
f 719/719/719 715/715/715 720/720/720
f 717/717/717 716/716/716 721/721/721
f 720/720/720 717/717/717 721/721/721
f 716/716/716 712/712/712 722/722/722
f 722/722/722 712/712/712 718/718/718
f 721/721/721 716/716/716 722/722/722
f 718/718/718 693/693/693 723/723/723
f 723/723/723 693/693/693 688/688/688
f 723/723/723 688/688/688 692/692/692
f 408/408/408 719/719/719 724/724/724
f 414/414/414 408/408/408 724/724/724
f 719/719/719 720/720/720 725/725/725
f 724/724/724 719/719/719 725/725/725
f 720/720/720 721/721/721 726/726/726
f 725/725/725 720/720/720 726/726/726
f 721/721/721 722/722/722 727/727/727
f 726/726/726 721/721/721 727/727/727
f 722/722/722 718/718/718 728/728/728
f 728/728/728 718/718/718 723/723/723
f 727/727/727 722/722/722 728/728/728
f 729/729/729 723/723/723 692/692/692
f 728/728/728 723/723/723 729/729/729
f 414/414/414 724/724/724 730/730/730
f 420/420/420 414/414/414 730/730/730
f 724/724/724 725/725/725 731/731/731
f 730/730/730 724/724/724 731/731/731
f 725/725/725 726/726/726 732/732/732
f 731/731/731 725/725/725 732/732/732
f 726/726/726 727/727/727 733/733/733
f 732/732/732 726/726/726 733/733/733
f 727/727/727 728/728/728 734/734/734
f 734/734/734 728/728/728 729/729/729
f 733/733/733 727/727/727 734/734/734
f 729/729/729 692/692/692 735/735/735
f 735/735/735 692/692/692 687/687/687
f 420/420/420 730/730/730 736/736/736
f 426/426/426 420/420/420 736/736/736
f 730/730/730 731/731/731 737/737/737
f 736/736/736 730/730/730 737/737/737
f 731/731/731 732/732/732 738/738/738
f 737/737/737 731/731/731 738/738/738
f 732/732/732 733/733/733 739/739/739
f 738/738/738 732/732/732 739/739/739
f 733/733/733 734/734/734 740/740/740
f 739/739/739 733/733/733 740/740/740
f 734/734/734 729/729/729 741/741/741
f 740/740/740 734/734/734 741/741/741
f 741/741/741 729/729/729 735/735/735
f 426/426/426 736/736/736 742/742/742
f 432/432/432 426/426/426 742/742/742
f 736/736/736 737/737/737 743/743/743
f 742/742/742 736/736/736 743/743/743
f 737/737/737 738/738/738 744/744/744
f 743/743/743 737/737/737 744/744/744
f 738/738/738 739/739/739 745/745/745
f 744/744/744 738/738/738 745/745/745
f 739/739/739 740/740/740 746/746/746
f 745/745/745 739/739/739 746/746/746
f 740/740/740 741/741/741 747/747/747
f 746/746/746 740/740/740 747/747/747
f 741/741/741 735/735/735 748/748/748
f 747/747/747 741/741/741 748/748/748
f 432/432/432 742/742/742 749/749/749
f 438/438/438 432/432/432 749/749/749
f 742/742/742 743/743/743 750/750/750
f 749/749/749 742/742/742 750/750/750
f 743/743/743 744/744/744 751/751/751
f 750/750/750 743/743/743 751/751/751
f 744/744/744 745/745/745 752/752/752
f 751/751/751 744/744/744 752/752/752
f 745/745/745 746/746/746 753/753/753
f 752/752/752 745/745/745 753/753/753
f 746/746/746 747/747/747 754/754/754
f 753/753/753 746/746/746 754/754/754
f 438/438/438 749/749/749 755/755/755
f 444/444/444 438/438/438 755/755/755
f 749/749/749 750/750/750 756/756/756
f 755/755/755 749/749/749 756/756/756
f 750/750/750 751/751/751 757/757/757
f 756/756/756 750/750/750 757/757/757
f 751/751/751 752/752/752 758/758/758
f 757/757/757 751/751/751 758/758/758
f 752/752/752 753/753/753 759/759/759
f 758/758/758 752/752/752 759/759/759
f 444/444/444 755/755/755 760/760/760
f 450/450/450 444/444/444 760/760/760
f 755/755/755 756/756/756 761/761/761
f 760/760/760 755/755/755 761/761/761
f 756/756/756 757/757/757 762/762/762
f 761/761/761 756/756/756 762/762/762
f 757/757/757 758/758/758 763/763/763
f 762/762/762 757/757/757 763/763/763
f 450/450/450 760/760/760 764/764/764
f 456/456/456 450/450/450 764/764/764
f 760/760/760 761/761/761 765/765/765
f 764/764/764 760/760/760 765/765/765
f 761/761/761 762/762/762 766/766/766
f 765/765/765 761/761/761 766/766/766
f 758/758/758 759/759/759 767/767/767
f 763/763/763 758/758/758 767/767/767
f 762/762/762 763/763/763 768/768/768
f 766/766/766 762/762/762 768/768/768
f 763/763/763 767/767/767 769/769/769
f 768/768/768 763/763/763 769/769/769
f 456/456/456 764/764/764 770/770/770
f 764/764/764 765/765/765 771/771/771
f 770/770/770 764/764/764 771/771/771
f 765/765/765 766/766/766 772/772/772
f 771/771/771 765/765/765 772/772/772
f 766/766/766 768/768/768 773/773/773
f 772/772/772 766/766/766 773/773/773
f 768/768/768 769/769/769 774/774/774
f 773/773/773 768/768/768 774/774/774
f 775/775/775 456/456/456 770/770/770
f 451/451/451 456/456/456 775/775/775
f 457/457/457 451/451/451 775/775/775
f 457/457/457 775/775/775 776/776/776
f 467/467/467 457/457/457 776/776/776
f 775/775/775 770/770/770 777/777/777
f 776/776/776 775/775/775 777/777/777
f 770/770/770 771/771/771 778/778/778
f 777/777/777 770/770/770 778/778/778
f 771/771/771 772/772/772 779/779/779
f 778/778/778 771/771/771 779/779/779
f 772/772/772 773/773/773 780/780/780
f 779/779/779 772/772/772 780/780/780
f 467/467/467 776/776/776 781/781/781
f 472/472/472 467/467/467 781/781/781
f 472/472/472 781/781/781 483/483/483
f 776/776/776 777/777/777 782/782/782
f 781/781/781 776/776/776 782/782/782
f 483/483/483 781/781/781 783/783/783
f 781/781/781 782/782/782 783/783/783
f 483/483/483 783/783/783 498/498/498
f 777/777/777 778/778/778 784/784/784
f 782/782/782 777/777/777 784/784/784
f 778/778/778 779/779/779 785/785/785
f 784/784/784 778/778/778 785/785/785
f 498/498/498 783/783/783 786/786/786
f 498/498/498 786/786/786 504/504/504
f 783/783/783 782/782/782 787/787/787
f 782/782/782 784/784/784 787/787/787
f 783/783/783 787/787/787 786/786/786
f 504/504/504 786/786/786 788/788/788
f 504/504/504 788/788/788 510/510/510
f 787/787/787 784/784/784 789/789/789
f 784/784/784 785/785/785 789/789/789
f 786/786/786 787/787/787 790/790/790
f 786/786/786 790/790/790 788/788/788
f 787/787/787 789/789/789 790/790/790
f 785/785/785 779/779/779 791/791/791
f 779/779/779 780/780/780 791/791/791
f 510/510/510 788/788/788 792/792/792
f 510/510/510 792/792/792 516/516/516
f 788/788/788 790/790/790 793/793/793
f 788/788/788 793/793/793 792/792/792
f 790/790/790 789/789/789 794/794/794
f 790/790/790 794/794/794 793/793/793
f 789/789/789 785/785/785 795/795/795
f 785/785/785 791/791/791 795/795/795
f 789/789/789 795/795/795 794/794/794
f 516/516/516 792/792/792 796/796/796
f 516/516/516 796/796/796 522/522/522
f 792/792/792 793/793/793 797/797/797
f 792/792/792 797/797/797 796/796/796
f 793/793/793 794/794/794 798/798/798
f 793/793/793 798/798/798 797/797/797
f 794/794/794 795/795/795 799/799/799
f 794/794/794 799/799/799 798/798/798
f 795/795/795 791/791/791 800/800/800
f 795/795/795 800/800/800 799/799/799
f 522/522/522 796/796/796 801/801/801
f 522/522/522 801/801/801 528/528/528
f 528/528/528 801/801/801 585/585/585
f 796/796/796 797/797/797 802/802/802
f 796/796/796 802/802/802 801/801/801
f 797/797/797 798/798/798 803/803/803
f 797/797/797 803/803/803 802/802/802
f 798/798/798 799/799/799 804/804/804
f 798/798/798 804/804/804 803/803/803
f 801/801/801 805/805/805 585/585/585
f 801/801/801 802/802/802 805/805/805
f 802/802/802 803/803/803 806/806/806
f 802/802/802 806/806/806 805/805/805
f 585/585/585 805/805/805 807/807/807
f 585/585/585 807/807/807 579/579/579
f 579/579/579 807/807/807 584/584/584
f 805/805/805 808/808/808 807/807/807
f 805/805/805 806/806/806 808/808/808
f 807/807/807 809/809/809 584/584/584
f 807/807/807 808/808/808 809/809/809
f 584/584/584 809/809/809 586/586/586
f 809/809/809 595/595/595 586/586/586
f 809/809/809 810/810/810 595/595/595
f 808/808/808 810/810/810 809/809/809
f 810/810/810 606/606/606 595/595/595
f 803/803/803 811/811/811 806/806/806
f 803/803/803 804/804/804 811/811/811
f 806/806/806 812/812/812 808/808/808
f 808/808/808 812/812/812 810/810/810
f 806/806/806 811/811/811 812/812/812
f 810/810/810 813/813/813 606/606/606
f 812/812/812 813/813/813 810/810/810
f 813/813/813 611/611/611 606/606/606
f 811/811/811 814/814/814 812/812/812
f 812/812/812 814/814/814 813/813/813
f 813/813/813 815/815/815 611/611/611
f 814/814/814 815/815/815 813/813/813
f 815/815/815 616/616/616 611/611/611
f 804/804/804 816/816/816 811/811/811
f 811/811/811 816/816/816 814/814/814
f 814/814/814 817/817/817 815/815/815
f 816/816/816 817/817/817 814/814/814
f 815/815/815 818/818/818 616/616/616
f 817/817/817 818/818/818 815/815/815
f 818/818/818 621/621/621 616/616/616
f 804/804/804 819/819/819 816/816/816
f 799/799/799 819/819/819 804/804/804
f 799/799/799 800/800/800 819/819/819
f 816/816/816 820/820/820 817/817/817
f 819/819/819 820/820/820 816/816/816
f 817/817/817 821/821/821 818/818/818
f 820/820/820 821/821/821 817/817/817
f 818/818/818 822/822/822 621/621/621
f 821/821/821 822/822/822 818/818/818
f 822/822/822 626/626/626 621/621/621
f 800/800/800 823/823/823 819/819/819
f 819/819/819 823/823/823 820/820/820
f 820/820/820 824/824/824 821/821/821
f 823/823/823 824/824/824 820/820/820
f 821/821/821 825/825/825 822/822/822
f 824/824/824 825/825/825 821/821/821
f 822/822/822 826/826/826 626/626/626
f 825/825/825 826/826/826 822/822/822
f 826/826/826 631/631/631 626/626/626
f 800/800/800 827/827/827 823/823/823
f 791/791/791 827/827/827 800/800/800
f 791/791/791 780/780/780 827/827/827
f 823/823/823 828/828/828 824/824/824
f 827/827/827 828/828/828 823/823/823
f 780/780/780 829/829/829 827/827/827
f 827/827/827 829/829/829 828/828/828
f 780/780/780 773/773/773 829/829/829
f 773/773/773 774/774/774 829/829/829
f 824/824/824 830/830/830 825/825/825
f 828/828/828 830/830/830 824/824/824
f 829/829/829 831/831/831 828/828/828
f 829/829/829 774/774/774 831/831/831
f 828/828/828 831/831/831 830/830/830
f 825/825/825 832/832/832 826/826/826
f 830/830/830 832/832/832 825/825/825
f 826/826/826 833/833/833 631/631/631
f 832/832/832 833/833/833 826/826/826
f 833/833/833 635/635/635 631/631/631
f 774/774/774 834/834/834 831/831/831
f 774/774/774 769/769/769 834/834/834
f 831/831/831 835/835/835 830/830/830
f 830/830/830 835/835/835 832/832/832
f 831/831/831 834/834/834 835/835/835
f 832/832/832 836/836/836 833/833/833
f 835/835/835 836/836/836 832/832/832
f 833/833/833 837/837/837 635/635/635
f 836/836/836 837/837/837 833/833/833
f 837/837/837 638/638/638 635/635/635
f 769/769/769 838/838/838 834/834/834
f 769/769/769 767/767/767 838/838/838
f 834/834/834 839/839/839 835/835/835
f 835/835/835 839/839/839 836/836/836
f 834/834/834 838/838/838 839/839/839
f 836/836/836 840/840/840 837/837/837
f 839/839/839 840/840/840 836/836/836
f 837/837/837 841/841/841 638/638/638
f 840/840/840 841/841/841 837/837/837
f 841/841/841 640/640/640 638/638/638
f 767/767/767 842/842/842 838/838/838
f 767/767/767 759/759/759 842/842/842
f 838/838/838 843/843/843 839/839/839
f 839/839/839 843/843/843 840/840/840
f 838/838/838 842/842/842 843/843/843
f 840/840/840 844/844/844 841/841/841
f 843/843/843 844/844/844 840/840/840
f 841/841/841 845/845/845 640/640/640
f 844/844/844 845/845/845 841/841/841
f 845/845/845 644/644/644 640/640/640
f 759/759/759 846/846/846 842/842/842
f 759/759/759 753/753/753 846/846/846
f 753/753/753 754/754/754 846/846/846
f 842/842/842 847/847/847 843/843/843
f 843/843/843 847/847/847 844/844/844
f 842/842/842 846/846/846 847/847/847
f 844/844/844 848/848/848 845/845/845
f 847/847/847 848/848/848 844/844/844
f 846/846/846 849/849/849 847/847/847
f 846/846/846 754/754/754 849/849/849
f 847/847/847 849/849/849 848/848/848
f 845/845/845 850/850/850 644/644/644
f 848/848/848 850/850/850 845/845/845
f 754/754/754 851/851/851 849/849/849
f 754/754/754 747/747/747 851/851/851
f 747/747/747 748/748/748 851/851/851
f 849/849/849 852/852/852 848/848/848
f 849/849/849 851/851/851 852/852/852
f 848/848/848 852/852/852 850/850/850
f 850/850/850 853/853/853 644/644/644
f 644/644/644 853/853/853 643/643/643
f 853/853/853 651/651/651 643/643/643
f 851/851/851 748/748/748 854/854/854
f 851/851/851 854/854/854 852/852/852
f 852/852/852 855/855/855 850/850/850
f 850/850/850 855/855/855 853/853/853
f 852/852/852 854/854/854 855/855/855
f 853/853/853 856/856/856 651/651/651
f 855/855/855 856/856/856 853/853/853
f 856/856/856 660/660/660 651/651/651
f 856/856/856 671/671/671 660/660/660
f 855/855/855 857/857/857 856/856/856
f 857/857/857 671/671/671 856/856/856
f 854/854/854 857/857/857 855/855/855
f 857/857/857 682/682/682 671/671/671
f 748/748/748 858/858/858 854/854/854
f 854/854/854 858/858/858 857/857/857
f 858/858/858 682/682/682 857/857/857
f 748/748/748 735/735/735 858/858/858
f 858/858/858 687/687/687 682/682/682
f 735/735/735 687/687/687 858/858/858
